catalog,entry_id,field,index,formula,export_formula,status,nodes,dimensions_checked,export_numerically_checked,source_example_arithmetic_checked,native_tested,xml_sha256
el,W04,main,0,Q=I\Delta t,Q=I\Delta t,supported-structured,"define,operator,variable",True,False,False,False,70a16bd03ac3780d61106492de282c4fa08f37c40ca002a39bfe64ad6de23a2d
el,W04,steps,1,N_e=\dfrac{|Q|}{e},N_e=\dfrac{|Q|}{e},supported-structured,"define,operator,variable",False,False,False,False,f4cb4890c875741e689a01f19ed35655ef2bd3b8aa81c21b1f7347ea78972fce
el,W04,conversion,0,\mathrm{A}\cdot\mathrm{s}=\mathrm{C},\mathrm{A}\cdot\mathrm{s}=\mathrm{C},supported-structured,"operator,relation,unit",False,False,False,False,7b65d95a86567e03ec978821d3cb66e0198b8615b3b3ee18e20d312c88f84b71
el,W04,conversion,1,"1\,\mathrm{Ah}=3600\,\mathrm{C}","1\,\mathrm{Ah}=3600\,\mathrm{C}",supported-structured,"number,operator,relation,unit",False,False,False,False,68a6555a1dfeddd834a812735aa81baa280c48a2a2c971461c0e2db1b01db8b6
el,W04,example,0,"Q=50\,\mathrm{A}\cdot60\,\mathrm{s}=3000\,\mathrm{C}","Q=50\,\mathrm{A}\cdot60\,\mathrm{s}=3000\,\mathrm{C}",supported-structured,"define,number,operator,unit,variable",False,False,True,False,f8aa1e46cb986f9727576fc7b15eb8611d753e5f2ffac8f6c0436dfa1eb7c706
el,I01,main,0,I=\frac{U}{R},I=\frac{U}{R},supported-structured,"define,operator,variable",True,True,False,False,edb5b34cbfe2083d74671a5b917b56150c58e9c4928b6fbc0760fca146e0737b
el,I01,conversion,0,I[\mathrm{A}]=\dfrac{I[\mathrm{mA}]}{1000},I[\mathrm{A}]=\dfrac{I[\mathrm{mA}]}{1000},supported-structured,"number,operator,relation,unit,variable",False,False,False,False,101e97a1853d3d31c171475bd31f7499ad16be41716cb08f2d64f568036a175e
el,I01,example,0,"I=\dfrac{24\,\mathrm{V}}{12\,\Omega}=2\,\mathrm{A}","I=\dfrac{24\,\mathrm{V}}{12\,\Omega}=2\,\mathrm{A}",supported-structured,"define,number,operator,unit,variable",False,False,True,False,92c3b4126315b79f7912c2bd4bf2d63120bac4662c53e835c4efc5bb8b9ee387
el,I02,main,0,I=\frac{P}{U},I=\frac{P}{U},supported-structured,"define,operator,variable",True,False,False,False,bebb832ce8da0c15ab6d0eb014d8502f8bee436d02e3bc6d73666d939fbfb2c8
el,I02,steps,1,P_{\mathrm{ind}}=\dfrac{P_{\mathrm{ud}}}{\eta},P_{\mathrm{ind}}=\dfrac{P_{\mathrm{ud}}}{\eta},supported-structured,"define,operator,variable",False,False,False,False,7f3e7614db47b9b9e29b3152917654729c852f02a60e129e3572c6673b126d9e
el,I02,conversion,0,P[\mathrm{W}]=1000P[\mathrm{kW}],P[\mathrm{W}]=1000P[\mathrm{kW}],supported-structured,"number,operator,relation,unit,variable",False,False,False,False,20f8c6ab54c063b1e2c0ef4f01fe1a2d881ca38aa577de67a0e4f78f1f45a8cf
el,I02,example,0,"I=\dfrac{200\,\mathrm{W}}{37{,}5\,\mathrm{V}}=5{,}333\,\mathrm{A}","I=\dfrac{200\,\mathrm{W}}{37{,}5\,\mathrm{V}}=5{,}333\,\mathrm{A}",supported-structured,"define,number,operator,unit,variable",False,False,True,False,a7de7d4eb6df75b08c5602b94fdbb9071fecadef216ed7f931060a2ccd1db89d
el,I03,main,0,|I|=\sqrt{\frac{P}{R}},|I|=\sqrt{\frac{P}{R}},supported-structured,"define,operator,placeholder,variable",True,True,False,False,e393b0773710f62bf1fe99688ce04555d0735b986c0b0b6ac14a00da303177a0
el,I03,example,0,"|I|=\sqrt{\dfrac{150\,\mathrm{W}}{0{,}96\,\Omega}}=12{,}5\,\mathrm{A}","|I|=\sqrt{\dfrac{150\,\mathrm{W}}{0{,}96\,\Omega}}=12{,}5\,\mathrm{A}",supported-structured,"eval,number,operator,override,placeholder,unit",False,False,True,False,92087152e0c4c678cd780b7bc99009fce5d806845c7eed7d85839be220a33d2c
el,I04,main,0,I_{\mathrm{middel}}=\frac{Q}{\Delta t},I_{\mathrm{middel}}=\frac{Q}{\Delta t},supported-structured,"define,operator,variable",True,False,False,False,5f8c58c9f314caf1a862326ee18c8f2ea1ca3b945378c0cca13c32c2c843bdd6
el,I04,steps,1,I_{\mathrm{middel}}=I,I_{\mathrm{middel}}=I,supported-structured,"define,variable",False,False,False,False,5d4c4c38d42e763ff994d73c0bfa847b48be842731c54db9c4dd71090f3161d5
el,I04,conversion,0,t[\mathrm{s}]=60t[\mathrm{min}],t[\mathrm{s}]=60t[\mathrm{min}],supported-structured,"number,operator,relation,unit,variable",False,False,False,False,e6e973e6bee650ac34a0db5b781a973e182b62ac2045b289f5d7c915dcb47039
el,I04,example,0,"I_{\mathrm{middel}}=\dfrac{2\,\mathrm{C}}{1\,\mathrm{s}}=2\,\mathrm{A}","I_{\mathrm{middel}}=\dfrac{2\,\mathrm{C}}{1\,\mathrm{s}}=2\,\mathrm{A}",supported-structured,"define,number,operator,unit,variable",False,False,True,False,6acb6e5d7116c2940ceabcc6a78a6f8ced6a1f4f0aa9bc59de7985a952c60393
el,I05,main,0,I=\frac{E}{r_i+R},I=\frac{E}{r_i+R},supported-structured,"define,operator,variable",True,False,False,False,f6dbf5c2cc31f811aa601019a63be6eba564efb77e9ca0a186f39c034549812b
el,I05,pitfall,1,U_{\mathrm{kl}}<E,U_{\mathrm{kl}}<E,supported-structured,"relation,variable",False,False,False,False,cfc8ade916707eaea218d9081bf38524dd643a3ea2b6f5972ec2fbc21a90dfe3
el,I06,main,0,I_k=\frac{U_{\mathrm{gren}}}{R_k},I_k=\frac{U_{\mathrm{gren}}}{R_k},supported-structured,"define,operator,variable",True,False,False,False,141b0b79d03f36b1b49515dba87ea8a22df6efcd176ab8e1210bc0b54543c8cc
el,I06,conversion,0,R[\Omega]=1000R[\mathrm{k}\Omega],R[\Omega]=1000R[\mathrm{k}\Omega],supported-structured,"number,operator,relation,unit,variable",False,False,False,False,8c13866cd623448e177c61957959187b7ebaf5b6a77e5193eb19cf43a981c9ba
el,I07,main,0,I_1=I_{\mathrm{total}}\frac{R_2}{R_1+R_2},I_1=I_{\mathrm{total}}\frac{R_2}{R_1+R_2},supported-structured,"define,operator,variable",True,False,False,False,7f25b509b5df966efd709ed24535b9b3a2f191f16e02976f41280032158b77b6
el,I07,steps,1,I_k=I_{\mathrm{total}}\dfrac{G_k}{\sum_j G_j},I_k=I_{\mathrm{total}}\dfrac{G_k}{\sum_j G_j},supported-structured,"define,index,operator,placeholder,sum,variable",False,False,False,False,4f3f427072eeec9661f7ab9271dd23ac500aa227b5b34b9d0995278ea40aea4b
el,I07,example,0,"I_1=6\,\mathrm{A}\dfrac{20\,\Omega}{10\,\Omega+20\,\Omega}=4\,\mathrm{A}","I_1=6\,\mathrm{A}\dfrac{20\,\Omega}{10\,\Omega+20\,\Omega}=4\,\mathrm{A}",supported-structured,"define,number,operator,unit,variable",False,False,True,False,0ab85568467ef12c4209a2606ea74fd2edf2d6063d1787d9f24bdf2f07431730
el,B10,main,0,I=\frac{Hl}{N},I=\frac{Hl}{N},supported-structured,"define,operator,variable",True,False,False,False,6726249f0f1b93cdfdf617e29aaff50eb7e29de784eded41276f3780225cf0ca
el,N02,main,0,"I_x=\sum I_{\mathrm{ind}}-\sum I_{\mathrm{andre,ud}}","I_x=\sum I_{\mathrm{ind}}-\sum I_{\mathrm{andre,ud}}",supported-structured,"define,operator,sum_vector,variable",True,False,False,False,bd1031f52a0f2e87ec40ffab5ceeab6d69871c048c477e22e920d7ff21f48e4c
el,N02,steps,1,\sum I_{\mathrm{ind}}=\sum I_{\mathrm{ud}},\sum I_{\mathrm{ind}}=\sum I_{\mathrm{ud}},supported-structured,"relation,sum_vector,variable",False,False,False,False,55b2e7e0ec987b730f05be6a403d9d6328f6792704d1dd5f2d018820df79b5c3
el,N02,pitfall,0,I_x<0,I_x<0,supported-structured,"number,relation,variable",False,False,False,False,da813839422d8f8f25fc1b63ac9342203e8b4cc20cf380bf08922b1bd0b25506
el,U01,main,0,U=R I,U=R I,supported-structured,"define,operator,variable",True,False,False,False,cdc96bfdca218d03ea3b3ac1f8560e7908454da8325a302ac21e1afca40ad5dc
el,U01,conversion,0,I[\mathrm{A}]=\dfrac{I[\mathrm{mA}]}{1000},I[\mathrm{A}]=\dfrac{I[\mathrm{mA}]}{1000},supported-structured,"number,operator,relation,unit,variable",False,False,False,False,e2acf5e38553df350189113ccab24ebb62d93902df7dcc9092220c2d6fc5534c
el,U02,main,0,U=\frac{P}{I},U=\frac{P}{I},supported-structured,"define,operator,variable",True,False,False,False,f35a74cd16c1fea44c319671794c4f1edb52828631075a8d79334e7bfd378670
el,U02,steps,1,I\ne0,I\ne0,supported-structured,"number,relation,variable",False,False,False,False,a8deba21c1459f9e999ef2e71d67107af6440a2e90065eb5694f4970b3a6bbac
el,U03,main,0,|U|=\sqrt{P R},|U|=\sqrt{P R},supported-structured,"define,operator,placeholder,variable",True,False,False,False,c4a272dec209c414af6a3cf8db56aff45345eceefe06691e0df32160b17f5a21
el,U03,example,0,"|U|=\sqrt{57{,}6\,\mathrm{W}\cdot10\,\Omega}=24\,\mathrm{V}","|U|=\sqrt{57{,}6\,\mathrm{W}\cdot10\,\Omega}=24\,\mathrm{V}",supported-structured,"eval,number,operator,override,placeholder,unit",False,False,True,False,f28e34bce6ae8ff1a8796f12b0b7e7c053783de1bf3be379330c82fe39932218
el,U04,main,0,U=\frac{W}{Q},U=\frac{W}{Q},supported-structured,"define,operator,variable",True,False,False,False,53cde5c9a38f6b58d9ded27ac5b8687fd652565e18e59fe34211b39904f864df
el,U04,conversion,0,"\dfrac{1\,\mathrm{J}}{1\,\mathrm{C}}=1\,\mathrm{V}","\dfrac{1\,\mathrm{J}}{1\,\mathrm{C}}=1\,\mathrm{V}",supported-structured,"number,operator,relation,unit",False,False,False,False,225972dd0a117ce451f1a09f145e168616c5d08c22885e40953f5489b8240183
el,U05,main,0,U_{\mathrm{kl}}=E-I r_i,U_{\mathrm{kl}}=E-I r_i,supported-structured,"define,operator,variable",True,False,False,False,c78f53005501e5ea71fda7792f7f6abcdc9df43b607ea1c1ea42044bcadaca2a
el,U05,steps,1,\Delta U_i=I r_i,\Delta U_i=I r_i,supported-structured,"define,operator,variable",False,False,False,False,8f97b4cd5e61d28bdd12c111524cdb6fdedb036f58adf114afcb4c0bc8e9d382
el,U05,pitfall,1,U_{\mathrm{kl}}=E+I r_i,U_{\mathrm{kl}}=E+I r_i,supported-structured,"operator,relation,variable",False,False,False,False,3d6dd516f0f6a53baecc1fa8e3657a31d5aeb604ad6640261ce74a0d2260723a
el,U06,main,0,U_1=U\frac{R_1}{R_1+R_2},U_1=U\frac{R_1}{R_1+R_2},supported-structured,"define,operator,variable",True,False,False,False,2d5eddde35e26ad9a248957623225a104e7e5807798be9e277ff21f016111405
el,U06,example,0,"U_1=24\,\mathrm{V}\dfrac{100\,\Omega}{100\,\Omega+200\,\Omega}=8\,\mathrm{V}","U_1=24\,\mathrm{V}\dfrac{100\,\Omega}{100\,\Omega+200\,\Omega}=8\,\mathrm{V}",supported-structured,"define,number,operator,unit,variable",False,False,True,False,551620ad94c92c9a7cf5fc4c4360a58e813277d7f2bfa65957b7b31eb2c89ef8
el,U07,main,0,V_a=\dfrac{\sum_k\dfrac{E_k}{R_k}}{\sum_k\dfrac{1}{R_k}},V_a=\dfrac{\sum_k\dfrac{E_k}{R_k}}{\sum_k\dfrac{1}{R_k}},supported-structured,"define,index,number,operator,placeholder,sum,variable",True,False,False,False,4779b90205bc316c12f17a3e9bf773fe46a6c54d44dfa3d3b8a66f8d7f17f99a
el,U07,steps,1,E_k=0,E_k=0,supported-structured,"define,index,number,variable",False,False,False,False,a76113ce1003150ef35e6c0b9660b85be82176b2ef47151780970586cd6cef1e
el,U07,steps,3,I_k=\dfrac{V_a-E_k}{R_k},I_k=\dfrac{V_a-E_k}{R_k},supported-structured,"define,index,operator,variable",False,False,False,False,da193ddc98c5c655723d908c657eede6ea6529057d629976cbf427f9fafd0d83
el,E01,main,0,e_{\mathrm{middel}}=-N\frac{\Delta\Phi}{\Delta t},e_{\mathrm{middel}}=-N\frac{\Delta\Phi}{\Delta t},supported-structured,"define,operator,variable",True,False,False,False,9acdaf5a5c16b211bd3cc50ee7db2530cb9494208f56935d077ac74488174091
el,E01,steps,0,\Delta\Phi=\Phi_{\mathrm{slut}}-\Phi_{\mathrm{start}},\Delta\Phi=\Phi_{\mathrm{slut}}-\Phi_{\mathrm{start}},supported-structured,"define,operator,variable",False,False,False,False,05f7e60605d2280c2bce5f12b06dd895332c19eac2a3a4710445915c946256a4
el,E01,steps,2,|e_{\mathrm{middel}}|=N\dfrac{|\Delta\Phi|}{\Delta t},|e_{\mathrm{middel}}|=N\dfrac{|\Delta\Phi|}{\Delta t},supported-structured,"define,operator,variable",False,False,False,False,bf1fe9aa9fda9909bf7427933102c5b526d6bc055adeccda59c71ff0273f77b9
el,E01,conversion,0,\Phi[\mathrm{Wb}]=\dfrac{\Phi[\mathrm{mWb}]}{1000},\Phi[\mathrm{Wb}]=\dfrac{\Phi[\mathrm{mWb}]}{1000},supported-structured,"number,operator,relation,unit,variable",False,False,False,False,9eb0805ca50879b4ccd08617aa67c229895b68e073c89553482fcec799e3f7aa
el,E01,conversion,1,t[\mathrm{s}]=\dfrac{t[\mathrm{ms}]}{1000},t[\mathrm{s}]=\dfrac{t[\mathrm{ms}]}{1000},supported-structured,"number,operator,relation,unit,variable",False,False,False,False,d69efc4e0131baba87753a31f6f48aa2420d671ddf5d07304fdd2e6c6f7030ef
el,E01,example,0,"N=100,\quad\Delta\Phi=2\,\mathrm{mWb}","N=100,\quad\Delta\Phi=2\,\mathrm{mWb}",supported-structured,"define,number,operator,unit,variable",False,False,True,False,2761f87d8ab58730257cb991de853b815718ab67c58caebfecc6de2173881b8c
el,E01,example,1,"\Delta t=0{,}1\,\mathrm{s}","\Delta t=0{,}1\,\mathrm{s}",supported-structured,"define,number,operator,unit,variable",False,False,True,False,5c4b836c80a98486dd25ed4d98b7b9bfe8811cdacd5bdf435dc40268b6bf033b
el,E01,example,2,"e_{\mathrm{middel}}=-2\,\mathrm{V}","e_{\mathrm{middel}}=-2\,\mathrm{V}",supported-structured,"define,number,operator,unit,variable",False,False,True,False,87f49c45d8169c9e8f5ed0e3012b546521a4b5f3b7547ed62204d0e003cde6f0
el,E02,main,0,e(t)=-N\frac{\mathrm{d}\Phi}{\mathrm{d}t},e(t)=-N\frac{\mathrm{d}\Phi}{\mathrm{d}t},supported-structured,"define,derivative,function,operator,variable",True,False,False,False,3b75ddc5539c4ac9d5cceef9bfc4c6ecf01186f9239be53828e690e17308d352
el,E02,conversion,0,\dfrac{\mathrm{Wb}}{\mathrm{s}}=\mathrm{V},\dfrac{\mathrm{Wb}}{\mathrm{s}}=\mathrm{V},supported-structured,"operator,relation,unit",False,False,False,False,8f49aeefbb92279eab595d73cd2f6a5da5bdd7898f83588dd0176a1978013197
el,E02,pitfall,1,\dfrac{\Delta\Phi}{\Delta t},\dfrac{\Delta\Phi}{\Delta t},supported-structured,"operator,variable",False,False,False,False,2ccd3097484a9d327f0f159df94e35d3de5b981957d3e3cda038b1b3beaa5f76
el,E02,pitfall,3,\dfrac{\mathrm{d}\Phi}{\mathrm{d}t},\dfrac{\mathrm{d}\Phi}{\mathrm{d}t},supported-structured,"derivative,variable",False,False,False,False,08d12a10173702ee1b367042e246c77ec4ae601c323d4c1050dd6deeedf084ec
el,E03,main,0,|E|=Blv,|E|=Blv,supported-structured,"define,operator,variable",True,False,False,False,127ed77fc70c3b3d0f1c09e4741183d09c95c59731df10b3f1e146fcf8127b18
el,E03,steps,1,\vec v\times\vec B,\vec v\times\vec B,supported-structured,"operator,variable,vector",False,False,False,False,ead0603c82bbfe053da19907a2ac2b79f7de84327cf81c00038dca758b56b3ff
el,E03,conversion,0,"v[\mathrm{m/s}]=\dfrac{v[\mathrm{km/h}]}{3{,}6}","v[\mathrm{m/s}]=\dfrac{v[\mathrm{km/h}]}{3{,}6}",supported-structured,"number,operator,relation,unit,variable",False,False,False,False,1eab30cbe708b5c97dcb06636d745cb6908522f70e55eb3eb3daded006dbc5c2
el,E05,main,0,e_s=-L\frac{\mathrm{d}i}{\mathrm{d}t},e_s=-L\frac{\mathrm{d}i}{\mathrm{d}t},supported-structured,"define,derivative,operator,variable",True,False,False,False,925a9cc93d15323fe883c83484efecf786de9a13664c711a497e56926ef45ac3
el,E05,steps,1,"e_{s,\mathrm{middel}}=-L\dfrac{\Delta I}{\Delta t}","e_{s,\mathrm{middel}}=-L\dfrac{\Delta I}{\Delta t}",supported-structured,"define,operator,variable",False,False,False,False,9cee137cfd12454ee4e7dce0caaaeae1d043bcbbb7ff6a4bf394b6232b97ef41
el,E05,conversion,0,L[\mathrm{H}]=\dfrac{L[\mathrm{mH}]}{1000},L[\mathrm{H}]=\dfrac{L[\mathrm{mH}]}{1000},supported-structured,"number,operator,relation,unit,variable",False,False,False,False,8ddc722618e28b2fe169703ab1ebc89b1ee1404b59e0d365ef7bb32fa0a745f9
el,E05,pitfall,1,u_L=+L\dfrac{\mathrm{d}i}{\mathrm{d}t},u_L=+L\dfrac{\mathrm{d}i}{\mathrm{d}t},supported-structured,"derivative,operator,relation,variable",False,False,False,False,e288a032f03c6a5a0305b5af668e18822c63bc20e5a274305a9077a4bfc730f3
el,E05,example,0,"L=20\,\mathrm{mH}","L=20\,\mathrm{mH}",supported-structured,"define,number,operator,unit,variable",False,False,True,False,9ede82d6c1616acd00a2dddaf7bde476a5242b254c8b62c3d5131d5d9265c1d0
el,E05,example,1,"\dfrac{\Delta I}{\Delta t}=\dfrac{2\,\mathrm{A}}{10\,\mathrm{ms}}","\dfrac{\Delta I}{\Delta t}=\dfrac{2\,\mathrm{A}}{10\,\mathrm{ms}}",supported-structured,"eval,number,operator,override,placeholder,unit",False,False,True,False,491058fa5134f543df66f31b55c11c8f7dab705ac6bb03162c054bc9aa3e397c
el,E05,example,2,"e_{s,\mathrm{middel}}=-4\,\mathrm{V}","e_{s,\mathrm{middel}}=-4\,\mathrm{V}",supported-structured,"define,number,operator,unit,variable",False,False,True,False,1cbb17bd70db0aad52e2a73bce6aea447522f14084b1f7578be10e5bdc4266bb
el,N01,main,0,"\sum_b\frac{V_a-V_b}{R_{ab}}=I_{\mathrm{ind},a}","\sum_b\frac{V_a-V_b}{R_{ab}}=I_{\mathrm{ind},a}",supported-structured,"index,operator,placeholder,relation,sum,variable",True,False,False,False,13a7b99dd15b6236aaa5e4e319f3a78c81903c0b3d3a8dd2e685aeaec8414065
el,N01,steps,1,I_k=\dfrac{V_a-V_b}{R_k},I_k=\dfrac{V_a-V_b}{R_k},supported-structured,"define,index,operator,variable",False,False,False,False,c0714586cc4cb4b6ef7285dd62bebf467d8dacb12e3df4cb22f6ec70459a06eb
el,N01,pitfall,1,V_a-V_b=E,V_a-V_b=E,supported-structured,"index,operator,relation,variable",False,False,False,False,5c3df8dfadb946cfb31141b29f2789c297d95f448d6e0d5e52bd0deb83fd0e71
el,N03,main,0,\sum_k\Delta V_k=0,\sum_k\Delta V_k=0,supported-structured,"index,number,placeholder,relation,sum,variable",True,False,False,False,3b900fdbdd59fad30266cb0aef1fc6e845b36ef0f270325c16747adcae4fc41f
el,N03,steps,1,\Delta V=+E,\Delta V=+E,supported-structured,"define,variable",False,False,False,False,c7cab15902563a588c604cf937ce8c889e2f51b7a9d0273f2773a84a8e01d088
el,N03,steps,3,\Delta V=-IR,\Delta V=-IR,supported-structured,"define,operator,variable",False,False,False,False,c3011bb8c52165bf231719701db3845e079f8a6f81dc009a6b3a44487177a25b
el,N03,pitfall,1,n-1,n-1,supported-structured,"number,operator,variable",False,False,False,False,8730fedf84a1cfdf4aa36a6c783a9d1e9d2428ee59131c8f2e33aa08c040e6eb
el,R01,main,0,R=\frac{U}{I},R=\frac{U}{I},supported-structured,"define,operator,variable",True,False,False,False,08173f1344fcdcede0f39a56f3a08e5f922d278fe0a3eeb276b3072e6619cc45
el,R01,conversion,0,I[\mathrm{A}]=\dfrac{I[\mathrm{mA}]}{1000},I[\mathrm{A}]=\dfrac{I[\mathrm{mA}]}{1000},supported-structured,"number,operator,relation,unit,variable",False,False,False,False,da9628a2a79bc53b7082292913e8238f4c6aaf7af5c8418c7509c06b581a058d
el,R02,main,0,R=\frac{P}{I^2},R=\frac{P}{I^2},supported-structured,"define,number,operator,variable",True,False,False,False,ddec0fb8b09a5d874bb9e5bb8cfc2fad30fd873186866cc94a3b429a0501e360
el,R02,pitfall,1,10^6,10^6,supported-structured,"number,operator",False,False,False,False,b5cac6a5aa418fdd9b7a577813c49cd58d0f7e954eb69cc8ed801690d8d81d59
el,R02,example,0,"R=\dfrac{24\,\mathrm{W}}{(2\,\mathrm{A})^2}=6\,\Omega","R=\dfrac{24\,\mathrm{W}}{(2\,\mathrm{A})^2}=6\,\Omega",supported-structured,"define,number,operator,parens,unit,variable",False,False,True,False,2c7565d56ee9bd96d8c2bc32c0373c2c73776a91bcdc0372983b015381ba7027
el,R03,main,0,R=\frac{U^2}{P},R=\frac{U^2}{P},supported-structured,"define,number,operator,variable",True,False,False,False,e748b237264822bde04eb8234247dc5ab08ad8831cdc74755c7da5230eb93b6a
el,R04,main,0,R=\rho\frac{l}{S},R=\rho\frac{l}{S},supported-structured,"define,operator,variable",True,True,False,False,7b64e24c13c0cd298cbca45ba81595b67491d55d895ef2d82c9d79c1d7085035
el,R04,steps,1,l_{\mathrm{sløjfe}}=2l,l_{\mathrm{sløjfe}}=2l,supported-structured,"define,number,operator,variable",False,False,False,False,2e2e25473109bf360549bd1fb9dc727e6184f1d6c68b1c5fb88fdc8bd3287782
el,R04,pitfall,1,"S=10\,\mathrm{mm}^2","S=10\,\mathrm{mm}^2",supported-structured,"number,operator,relation,unit,variable",False,False,False,False,f19152e018d571c72724f1f1e76eb2f756fac68d9e546f328029af9e13249bb0
el,R04,example,1,"R=\dfrac{0{,}0175\,\Omega\mathrm{mm}^2\cdot300\,\mathrm{m}}{\mathrm{m}\cdot10\,\mathrm{mm}^2}","R=\dfrac{0{,}0175\,\Omega\mathrm{mm}^2\cdot300\,\mathrm{m}}{\mathrm{m}\cdot10\,\mathrm{mm}^2}",supported-structured,"define,number,operator,unit,variable",False,False,True,False,a7c5949f4eaae13d40817e2c5e93627286c586bf3d810b7ca1b169fc268e39dc
el,R04,example,2,"R=0{,}525\,\Omega","R=0{,}525\,\Omega",supported-structured,"define,number,operator,unit,variable",False,False,True,False,35e30cea23b77e9ccd3a8e66899607d9b9c47bda4e0d975261fe21512af7996c
el,R05,main,0,R_T=R_t[1+\alpha_t(T-t)],R_T=R_t[1+\alpha_t(T-t)],supported-structured,"define,number,operator,parens,variable",True,False,False,False,9beef38e575a108d9774422cad85e614f3b7ebfe86601e5218d42d6164e6928f
el,R05,steps,1,"t=20\,{}^\circ\mathrm{C}","t=20\,{}^\circ\mathrm{C}",supported-structured,"define,number,operator,unit,variable",False,False,False,False,d392ad598e0e0be796973850f72941ff7bda7aa06f53361f549e9f53d7a705e5
el,R05,steps,3,\alpha_{20},\alpha_{20},supported-structured,variable,False,False,False,False,089b7c725b428c329e96f33364a8a48412142cfecf26b4a1e675e05b0f621885
el,R05,conversion,1,\Delta T[\mathrm{K}]=\Delta T[{}^\circ\mathrm{C}],\Delta T[\mathrm{K}]=\Delta T[{}^\circ\mathrm{C}],supported-structured,"operator,relation,unit,variable",False,False,False,False,3a3e146aa366852b213ca191615398a548bd9137937e32d8cc127eecd2a4c855
el,R06,main,0,R_t=\frac{R_T}{1+\alpha_t(T-t)},R_t=\frac{R_T}{1+\alpha_t(T-t)},supported-structured,"define,number,operator,parens,variable",True,False,False,False,adb2324258b5382043ddc1914c280e7c32d1c8ff199acf7fb296f1dd346a88a3
el,R06,pitfall,1,\alpha_{20},\alpha_{20},supported-structured,variable,False,False,False,False,1ba53e936af5f63e31080a3ff6b4500065cda97b6b71273a09ed7e5eb9138774
el,R07,main,0,R_s=\sum_{k=1}^{n}R_k,R_s=\sum_{k=1}^{n}R_k,supported-structured,"define,index,number,sum,variable",True,False,False,False,bcea6ffc1be3b9f9b408b57a026cc9bf910a78aa79680035d74cd3aa44b40fcf
el,R07,example,0,"R_s=200\,\Omega+160\,\Omega+140\,\Omega","R_s=200\,\Omega+160\,\Omega+140\,\Omega",supported-structured,"define,number,operator,unit,variable",False,False,True,False,e322b2f82acadd4dd961a41f1ba205406973b22c460ea4545810b2671f971ec4
el,R07,example,1,"R_s=500\,\Omega","R_s=500\,\Omega",supported-structured,"define,number,operator,unit,variable",False,False,True,False,ecb12a026ae86f0afd87c3817fc848a24f55fd492365d8481c1e3ce71f365544
el,R08,main,0,R_p=\left(\sum_{k=1}^{n}\frac{1}{R_k}\right)^{-1},R_p=\left(\sum_{k=1}^{n}\frac{1}{R_k}\right)^{-1},supported-structured,"define,index,number,operator,parens,sum,variable",True,False,False,False,d07528e2d71c39f0e75256e89f6036c46a640b9ff5beb56f08f220c9624b47db
el,R08,steps,1,R_p=\dfrac{R_1R_2}{R_1+R_2},R_p=\dfrac{R_1R_2}{R_1+R_2},supported-structured,"define,operator,variable",False,False,False,False,b8bd9a44aa97e8cbc313e6f51d62779ad5a45f46ec754e0afa5117482cec7071
el,R08,example,0,"R_p=\left(\dfrac{1}{125\,\Omega}+\dfrac{1}{100\,\Omega}+\dfrac{1}{40\,\Omega}\right)^{-1}","R_p=\left(\dfrac{1}{125\,\Omega}+\dfrac{1}{100\,\Omega}+\dfrac{1}{40\,\Omega}\right)^{-1}",supported-structured,"define,number,operator,parens,unit,variable",False,False,True,False,18061723df47bf5c48838c72257b4c98824ec57875fba95e328c75dc9da70fed
el,R08,example,1,"R_p=23{,}256\,\Omega","R_p=23{,}256\,\Omega",supported-structured,"define,number,operator,unit,variable",False,False,True,False,26f3fb9974f2a353c71eb94bbdc87ba32d3f90528839365554326740f1b243b3
el,R09,main,0,r_i=\frac{E-U_{\mathrm{kl}}}{I},r_i=\frac{E-U_{\mathrm{kl}}}{I},supported-structured,"define,operator,variable",True,True,False,False,d8de49cc088672e7908826b5819caa01fe418926ebf9b44711ad2b7affa61db2
el,R09,steps,1,I=0,I=0,supported-structured,"define,number,variable",False,False,False,False,7d7bad2cb00b3e53ac0fb3ac3612c7a5bdb33bd5ca77851752d006238187215c
el,R09,example,0,"r_i=\dfrac{(12{,}4-11{,}2)\,\mathrm{V}}{6\,\mathrm{A}}=0{,}2\,\Omega","r_i=\dfrac{(12{,}4-11{,}2)\,\mathrm{V}}{6\,\mathrm{A}}=0{,}2\,\Omega",supported-structured,"define,number,operator,parens,unit,variable",False,False,True,False,98c852f4e10298334cb84b079774860d169ce440281a7d6caebf97a31841b99c
el,R10,main,0,R=\frac{1}{G},R=\frac{1}{G},supported-structured,"define,number,operator,variable",True,False,False,False,139ab16a24379b06d8c6681008e8cb9b9179bb0fb6ddf2cbbeb3913a59aea5ec
el,R10,steps,1,G=\gamma\dfrac{S}{l},G=\gamma\dfrac{S}{l},supported-structured,"define,operator,variable",False,False,False,False,5f24a9edb483cbdb808fbe6d3f87c052f68301713e82069928ef30ac56b654ca
el,R10,conversion,0,G[\mathrm{S}]=\dfrac{G[\mathrm{mS}]}{1000},G[\mathrm{S}]=\dfrac{G[\mathrm{mS}]}{1000},supported-structured,"number,operator,relation,unit,variable",False,False,False,False,3c77215a87618cff22631518ee1c319cb900599a6b8e7cc58939bad3b22b8c90
el,G03,main,0,\rho=\frac{R S}{l},\rho=\frac{R S}{l},supported-structured,"define,operator,variable",True,False,False,False,f71771a8bc537373ca6e38531c6f72c1b02b42be8e83e4bfe9b80abf15000931
el,G04,main,0,S=\rho\frac{l}{R},S=\rho\frac{l}{R},supported-structured,"define,operator,variable",True,False,False,False,2073537ce54af5eb4610cb028ad14bff0d72c3763179696186841249676f6d3a
el,G04,steps,1,S=\dfrac{\pi d^2}{4},S=\dfrac{\pi d^2}{4},supported-structured,"constant,define,number,operator,variable",False,False,False,False,0d91b3c2aa4ea1c28c0f0747114a5aecaf78592edf54c02b7078fa3b6d7af520
el,G04,example,1,"S=\dfrac{0{,}029\,\Omega\mathrm{mm}^2\cdot500\,\mathrm{m}}{\mathrm{m}\cdot0{,}740\,\Omega}","S=\dfrac{0{,}029\,\Omega\mathrm{mm}^2\cdot500\,\mathrm{m}}{\mathrm{m}\cdot0{,}740\,\Omega}",supported-structured,"define,number,operator,unit,variable",False,False,True,False,c17ff9698790144136e7a893ac5b6f1b415ce6a7d982a7ebc5aaede9ce02add9
el,G04,example,2,"S=19{,}595\,\mathrm{mm}^2","S=19{,}595\,\mathrm{mm}^2",supported-structured,"define,number,operator,unit,variable",False,False,True,False,a00e659e435fa9580ad807dd8cc1bea3e55199bf333a69b6687dbf2e2921cd09
el,G05,main,0,l=\frac{R S}{\rho},l=\frac{R S}{\rho},supported-structured,"define,operator,variable",True,False,False,False,c2a819e73f37079753750282bed608b81fd75a34c32ccc9d1207ab7f9654a6a5
el,G05,conversion,0,R[\Omega]=\dfrac{R[\mathrm{m}\Omega]}{1000},R[\Omega]=\dfrac{R[\mathrm{m}\Omega]}{1000},supported-structured,"number,operator,relation,unit,variable",False,False,False,False,6ac2050315be86bac67f4975e9b4bca86ced0f0007e16c8deb4eaf25fac4351e
el,G05,example,1,"l=\dfrac{0{,}080\,\Omega\cdot10\,\mathrm{mm}^2}{0{,}0175\,\Omega\mathrm{mm}^2/\mathrm{m}}","l=\dfrac{0{,}080\,\Omega\cdot10\,\mathrm{mm}^2}{0{,}0175\,\Omega\mathrm{mm}^2/\mathrm{m}}",supported-structured,"define,number,operator,unit,variable",False,False,True,False,39ebfe9349c139c5877fa036614056d9abbd857c080c39761945fd59eac5232f
el,G05,example,2,"l=45{,}714\,\mathrm{m}","l=45{,}714\,\mathrm{m}",supported-structured,"define,number,operator,unit,variable",False,False,True,False,10596ef410befc5896ea3e2c47e6426206706a1d186a7f47aaa744fca2b340c2
el,G06,main,0,\Delta T=\frac{R_T-R_t}{R_t\alpha_t},\Delta T=\frac{R_T-R_t}{R_t\alpha_t},supported-structured,"define,operator,variable",True,False,False,False,1a98154391ba31a694d426986e186f7ffe6f427b12cdb3ce2a594ce34b1d6b93
el,G06,steps,1,T=t+\Delta T,T=t+\Delta T,supported-structured,"define,operator,variable",False,False,False,False,47e3eec551483b82fc29d8336ffbc86ab86f701466053a32bb379ee7ef4b19ae
el,G06,example,0,"\Delta T=\dfrac{(475-420)\,\Omega}{420\,\Omega\cdot0{,}004\,\mathrm{K}^{-1}}","\Delta T=\dfrac{(475-420)\,\Omega}{420\,\Omega\cdot0{,}004\,\mathrm{K}^{-1}}",supported-structured,"define,number,operator,parens,unit,variable",False,False,True,False,725e7f32f545107b23527322af972e04cb6b285b1746a58b2a8ba3f5aa50cf7c
el,G06,example,1,"\Delta T=32{,}738\,\mathrm{K}","\Delta T=32{,}738\,\mathrm{K}",supported-structured,"define,number,operator,unit,variable",False,False,True,False,f392dc82cd573c0b5785328140c14c70f092be241109af768b8923573711452e
el,G01,main,0,G=\frac{1}{R}=\frac{I}{U},G=\frac{1}{R}=\frac{I}{U},supported-structured,"define,number,operator,variable",True,False,False,False,cd0fee9ef8f8b04f6c40c9a52a94835b282b1e3765b96faca2a142edd7b78437
el,G01,steps,1,G=\gamma\dfrac{S}{l},G=\gamma\dfrac{S}{l},supported-structured,"define,operator,variable",False,False,False,False,2ba54c9a2b07df96a6ed942162150e3b1d139024b920f81db155418586f140b3
el,G01,conversion,0,"1\,\mathrm{S}=\dfrac{1}{\Omega}","1\,\mathrm{S}=\dfrac{1}{\Omega}",supported-structured,"number,operator,relation,unit",False,False,False,False,242342a85bd608802f71df73d6e87a5c26bcf6a33e189bb294eb65ae8b0abd98
el,G02,main,0,\gamma=\frac{1}{\rho},\gamma=\frac{1}{\rho},supported-structured,"define,number,operator,variable",True,False,False,False,16931b374fbddf03435e72bc58e19961a4715cc2cd2c44d79b151072361d9323
el,G02,steps,1,\dfrac{\mathrm{S}}{\mathrm{m}},\dfrac{\mathrm{S}}{\mathrm{m}},supported-structured,"operator,unit",False,False,False,False,811158d5074f5bd6dc46df48d4c646bde36d74286764ba4b01a1349e3739af77
el,G02,steps,3,\dfrac{\mathrm{m}}{\Omega\cdot\mathrm{mm}^2},\dfrac{\mathrm{m}}{\Omega\cdot\mathrm{mm}^2},supported-structured,"number,operator,unit",False,False,False,False,ff2545a0f8ed6646671e2687a1dfa87ba2a01f0deabb5c2c4718f56cd0f8addb
el,G02,example,1,"\gamma=\dfrac{1}{0{,}029\,\Omega\mathrm{mm}^2/\mathrm{m}}","\gamma=\dfrac{1}{0{,}029\,\Omega\mathrm{mm}^2/\mathrm{m}}",supported-structured,"define,number,operator,unit,variable",False,False,True,False,25791e3e48c3c5c165108b4fb7dabd4c6a3e5e941b67a0f14b063f49d61ba69a
el,G02,example,2,"\gamma=34{,}483\,\dfrac{\mathrm{m}}{\Omega\mathrm{mm}^2}","\gamma=34{,}483\,\dfrac{\mathrm{m}}{\Omega\mathrm{mm}^2}",supported-structured,"define,number,operator,unit,variable",False,False,True,False,a18ae669f7a88613dfad44fabc4c1073e8035b7bb485ffad2e6a61dba82f950b
el,P01,main,0,P=U I,P=U I,supported-structured,"define,operator,variable",True,False,False,False,5cfb14e916d14ba3caa41cb82aca0a0de7dd50ac1391eb276f05acf3a9b844c1
el,P01,steps,1,P>0,P>0,supported-structured,"number,relation,variable",False,False,False,False,3068923c185b3e207a7079539003e90290f4c1c3f4782cf88a7397b5003667f6
el,P01,conversion,1,\mathrm{kV}\cdot\mathrm{A}=\mathrm{kW},\mathrm{kV}\cdot\mathrm{A}=\mathrm{kW},supported-structured,"operator,relation,unit",False,False,False,False,82f6d86fff928fe84462d1a70fae631c49b178d6ee192d2f86aeaa9f56ab18ca
el,P01,conversion,2,\mathrm{V}\cdot\mathrm{A}=\mathrm{W},\mathrm{V}\cdot\mathrm{A}=\mathrm{W},supported-structured,"operator,relation,unit",False,False,False,False,bcb344997ee55195eb27d578676b7e9d70c21eb9ef12f8d46f3662447115b88c
el,P01,pitfall,1,P=UI,P=UI,supported-structured,"operator,relation,variable",False,False,False,False,b2b70e307b170a8c8e3f5a92435bf015713e71859e754b5274a0dcdfa571762e
el,P02,main,0,P=I^2R,P=I^2R,supported-structured,"define,number,operator,variable",True,False,False,False,bf4869bd05203e3d8efd6c15e00d1afe9aa582dbd826ade2163c58f088f20983
el,P02,example,0,"P=(2\,\mathrm{A})^2\cdot7\,\Omega=28\,\mathrm{W}","P=(2\,\mathrm{A})^2\cdot7\,\Omega=28\,\mathrm{W}",supported-structured,"define,number,operator,parens,unit,variable",False,False,True,False,d9dcb90e0896ea941187ab837b43cac7f7e675b636b683849aa2956567d5527e
el,P03,main,0,P=\frac{U^2}{R},P=\frac{U^2}{R},supported-structured,"define,number,operator,variable",True,False,False,False,22b6e0e3abb56af68cad7f513deb05cb31273ef1b8c256ade8492d22a4db89dd
el,P03,conversion,0,R[\Omega]=1000R[\mathrm{k}\Omega],R[\Omega]=1000R[\mathrm{k}\Omega],supported-structured,"number,operator,relation,unit,variable",False,False,False,False,82bf1c84a430890e90798e5e1961817533f3a3eaee87f2264993020fd6ff27ef
el,P04,main,0,P_{\mathrm{middel}}=\frac{W}{\Delta t},P_{\mathrm{middel}}=\frac{W}{\Delta t},supported-structured,"define,operator,variable",True,False,False,False,fefc38103b41818804c5597aff03d843396921f348402c349847b28b4fcdfd02
el,P04,conversion,0,W[\mathrm{J}]=1000W[\mathrm{kJ}],W[\mathrm{J}]=1000W[\mathrm{kJ}],supported-structured,"number,operator,relation,unit,variable",False,False,False,False,2ce560177f3b74b0aba6e40e8303b208ccf292ad33b8c48f1937040b682f4d46
el,P04,conversion,1,t[\mathrm{s}]=60t[\mathrm{min}],t[\mathrm{s}]=60t[\mathrm{min}],supported-structured,"number,operator,relation,unit,variable",False,False,False,False,0bf5f5d9df7784f52b6b5e133fb0c8df4c53f3e34ad925615d825b72da8bf56d
el,P04,pitfall,0,\dfrac{\mathrm{kWh}}{\mathrm{h}}=\mathrm{kW},\dfrac{\mathrm{kWh}}{\mathrm{h}}=\mathrm{kW},supported-structured,"operator,relation,unit",False,False,False,False,ab5f2b92c9467546b83e03fc09bcf0342f6405d7ad36de218ff2785b2172eb2d
el,P04,example,0,"P=\dfrac{117\,\mathrm{kJ}}{120\,\mathrm{s}}=975\,\mathrm{W}","P=\dfrac{117\,\mathrm{kJ}}{120\,\mathrm{s}}=975\,\mathrm{W}",supported-structured,"define,number,operator,unit,variable",False,False,True,False,800a6d3c151791a4cd8c2b41591acfaa55b53afac2c7355585e248a073cab11a
el,P05,main,0,P_{\mathrm{ud}}=\eta P_{\mathrm{ind}},P_{\mathrm{ud}}=\eta P_{\mathrm{ind}},supported-structured,"define,operator,variable",True,False,False,False,62bfabc498587ab63fc55cad2152b8c7db156092da50e566a5bc2cec3b558c54
el,P05,steps,1,P_{\mathrm{ind}}=\dfrac{P_{\mathrm{ud}}}{\eta},P_{\mathrm{ind}}=\dfrac{P_{\mathrm{ud}}}{\eta},supported-structured,"define,operator,variable",False,False,False,False,b2c4a1b0b9242433614d05502dc921bad6f07974ffb851198fcfdc4c6bd68852
el,P05,conversion,0,"\eta=85\,\%=\dfrac{85}{100}=0{,}85","\eta=85\,\%=\dfrac{85}{100}=0{,}85",supported-structured,"number,operator,relation,unit,variable",False,False,False,False,dfb063fa1466c7196735206b07807004d34e149ae7c62bfe93fba63d37b82f5c
el,P05,pitfall,1,\eta_{\mathrm{total}}=\prod_k\eta_k,\eta_{\mathrm{total}}=\prod_k\eta_k,supported-structured,"define,index,placeholder,sum,variable",False,False,False,False,9e6dae429a8ec4a3ae9e49b8c244df977b526f7444992b086d35aa861c275529
el,P05,example,0,"P_{\mathrm{ud}}=0{,}85\cdot1000\,\mathrm{W}=850\,\mathrm{W}","P_{\mathrm{ud}}=0{,}85\cdot1000\,\mathrm{W}=850\,\mathrm{W}",supported-structured,"define,number,operator,unit,variable",False,False,True,False,a2863d6091a04ee3a48d97b2eabdf887784302b725a7c3cbab3b9f2140a4451e
el,P06,main,0,P_{\mathrm{tab}}=P_{\mathrm{ind}}-P_{\mathrm{ud}},P_{\mathrm{tab}}=P_{\mathrm{ind}}-P_{\mathrm{ud}},supported-structured,"define,operator,variable",True,False,False,False,504ef0092f8ecc7e75fb4f680f2ea04b4bb575d0fd4a9c416b959a680183a804
el,P06,steps,1,P_{\mathrm{ledning}}=I^2R_{\mathrm{ledning}},P_{\mathrm{ledning}}=I^2R_{\mathrm{ledning}},supported-structured,"define,number,operator,variable",False,False,False,False,62e5879a4e618640302f186329ef7d24ccebc592230690a02aed846c14afbd97
el,P07,main,0,\eta=\frac{P_{\mathrm{ud}}}{P_{\mathrm{ind}}},\eta=\frac{P_{\mathrm{ud}}}{P_{\mathrm{ind}}},supported-structured,"define,operator,variable",True,False,False,False,92956cb7963f29441edbf0dfb7e566ed9f388aedc65f08b249417c26e2586bd5
el,P07,steps,1,\eta=\dfrac{W_{\mathrm{ud}}}{W_{\mathrm{ind}}},\eta=\dfrac{W_{\mathrm{ud}}}{W_{\mathrm{ind}}},supported-structured,"define,operator,variable",False,False,False,False,dcc914904df7d75a408d8d99081f442b7db756645c20e51c5105419d8b0442dd
el,P07,conversion,0,\eta[\%]=100\eta,\eta[\%]=100\eta,supported-structured,"number,operator,relation,unit,variable",False,False,False,False,13160df5cea5ec84cb8696d72caba53c33c8cc322b42da22a0c590f6cfc45159
el,P08,main,0,P=M\omega=M\frac{2\pi n}{60},P=M\omega=M\frac{2\pi n}{60},supported-structured,"constant,define,number,operator,unit,variable",True,False,False,False,32c2d14f721af5c514865f674f380e12d235f636c1e82124723f2f94fc5aaff5
el,P08,steps,1,\omega=2\pi n,\omega=2\pi n,supported-structured,"constant,define,number,operator,variable",False,False,False,False,3629ec257796cd7d4e8d59ba1f96797e0882a80d4cb69ffc3b780be5a2d94987
el,P08,steps,3,M[\mathrm{N}\cdot\mathrm{m}]\approx9550\dfrac{P[\mathrm{kW}]}{n[\mathrm{rpm}]},M[\mathrm{N}\cdot\mathrm{m}]\approx9550\dfrac{P[\mathrm{kW}]}{n[\mathrm{rpm}]},supported-structured,"number,operator,relation,unit,variable",False,False,False,False,28e7fbb27d1503e7ed59e1a0a7ffda5e2c43170a7367f5efffae81679d9964c1
el,P08,conversion,0,n[\mathrm{s}^{-1}]=\dfrac{n[\mathrm{rpm}]}{60},n[\mathrm{s}^{-1}]=\dfrac{n[\mathrm{rpm}]}{60},supported-structured,"number,operator,relation,unit,variable",False,False,False,False,4bfeca5404c8e986f7d42a857cd7cbcc0db4866947d659b8107448af1a068b3e
el,W01,main,0,W=P t,W=P t,supported-structured,"define,operator,variable",True,False,False,False,e1f0f0603c6f0e8a805fb9b4ff9b5d33077916c05aa07b4f680f43e638414ed5
el,W01,conversion,0,\mathrm{W}\cdot\mathrm{s}=\mathrm{J},\mathrm{W}\cdot\mathrm{s}=\mathrm{J},supported-structured,"operator,relation,unit",False,False,False,False,f46817ada0e53ff1c64a11f478961051ee2693a4b890e920226a0ceec1eeafbc
el,W01,conversion,1,\mathrm{kW}\cdot\mathrm{h}=\mathrm{kWh},\mathrm{kW}\cdot\mathrm{h}=\mathrm{kWh},supported-structured,"operator,relation,unit",False,False,False,False,15e4a33fe8bbedf58d159902649c4571850112844098e7f8c66dec244ce2d30c
el,W01,pitfall,0,\mathrm{kW}\cdot\mathrm{s}=\mathrm{kJ},\mathrm{kW}\cdot\mathrm{s}=\mathrm{kJ},supported-structured,"operator,relation,unit",False,False,False,False,2f3b3e83914601e8e8ccecc96b5e4f51f81b4486e1f3ad61c5fbd36d7381b74a
el,W01,example,0,"W=875\,\mathrm{W}\cdot180\,\mathrm{s}","W=875\,\mathrm{W}\cdot180\,\mathrm{s}",supported-structured,"define,number,operator,unit,variable",False,False,True,False,91fc9eb000e97a042686ef1ea57d4c76a4efff102310fab40c999d0b6f072a59
el,W01,example,1,"W=157500\,\mathrm{J}=0{,}04375\,\mathrm{kWh}","W=157500\,\mathrm{J}=0{,}04375\,\mathrm{kWh}",supported-structured,"define,number,operator,unit,variable",False,False,True,False,47e49a4215731a3393685ff94f9733ff8f15d603a1cf900c6275a28980db01cd
el,W02,main,0,W=UQ=UIt,W=UQ=UIt,supported-structured,"define,operator,variable",True,False,False,False,b39c54cf3f6a6b324749f3886b454db85722ab77d9ee03b08250cb61f4d96426
el,W02,steps,1,Q=It,Q=It,supported-structured,"define,operator,variable",False,False,False,False,234c6c7d1cdabe8b701c1088877f36535f16000d73b75d66a0929b38e8ba0a12
el,W02,conversion,0,"1\,\mathrm{V}\cdot\mathrm{C}=1\,\mathrm{J}","1\,\mathrm{V}\cdot\mathrm{C}=1\,\mathrm{J}",supported-structured,"number,operator,relation,unit",False,False,False,False,26699cad67bed1c7d23ce6929985b8e2d06b2267eedaafe146fbb71113842793
el,W03,main,0,t=\frac{W}{P},t=\frac{W}{P},supported-structured,"define,operator,variable",True,False,False,False,cb1436db6d6e29f8630a19b425e2d6d86c58a9239259a40e79c1234fe6733206
el,W03,conversion,0,\dfrac{\mathrm{J}}{\mathrm{W}}=\mathrm{s},\dfrac{\mathrm{J}}{\mathrm{W}}=\mathrm{s},supported-structured,"operator,relation,unit",False,False,False,False,e8c4b733c47226c02e337c28205e0936e6dd62dac7a57d1711559dd8e3914c92
el,W03,conversion,1,\dfrac{\mathrm{kWh}}{\mathrm{kW}}=\mathrm{h},\dfrac{\mathrm{kWh}}{\mathrm{kW}}=\mathrm{h},supported-structured,"operator,relation,unit",False,False,False,False,5cd21b843a0d4874c7983b1e696b750307c3c5ae78b2731d21c0adce581907d3
el,W03,example,0,"t=\dfrac{1200\,\mathrm{kJ}}{300\,\mathrm{W}}=4000\,\mathrm{s}","t=\dfrac{1200\,\mathrm{kJ}}{300\,\mathrm{W}}=4000\,\mathrm{s}",supported-structured,"define,number,operator,unit,variable",False,False,True,False,02bacf36e11ba23f4914a2d2a49779c6ad7ce9b83a6e4d1f17f87dd7d7b407d0
el,W05,main,0,W=H_u m\quad\mathrm{eller}\quad W=H_u V,W=H_u m\quad\mathrm{eller}\quad W=H_u V,supported-structured,"define,operator,variable",True,False,False,False,2b6589b64c7f6001e88505181e3bb2f47f051aef48ef136a161e6ff57af76c62
el,W05,conversion,0,"W[\mathrm{kWh}]=\dfrac{W[\mathrm{MJ}]}{3{,}6}","W[\mathrm{kWh}]=\dfrac{W[\mathrm{MJ}]}{3{,}6}",supported-structured,"number,operator,relation,unit,variable",False,False,False,False,124d9d44402e9515d22240040125c3929a5eb973c1af5b62f8d6c4f337e2c78b
el,M01,main,0,W=mgh,W=mgh,supported-structured,"define,operator,variable",True,False,False,False,92b1b8bf605ad4b5f6e908f462125a2bdf9f1d4719aa14d533bbec9916166b12
el,M01,steps,0,F=mg,F=mg,supported-structured,"define,operator,variable",False,False,False,False,4bcfbc2391ae0d91cf370a1fc0cf2a1ad7757550c970d693be591fb2667c7f80
el,M01,steps,1,W=Fh,W=Fh,supported-structured,"define,operator,variable",False,False,False,False,c7c7aa0a08feb6caaed4c7acb9378072df807bbf0dc65910e5a09dd3fb0db10b
el,M01,pitfall,1,W_{\mathrm{ind}}=\dfrac{W}{\eta},W_{\mathrm{ind}}=\dfrac{W}{\eta},supported-structured,"define,operator,variable",False,False,False,False,c203ec097dd6e9ccec36876bd68c65a452ad6c2f7440535de81cade9a4c83643
el,M01,example,0,"W=90\,\mathrm{kg}\cdot9{,}82\,\dfrac{\mathrm{m}}{\mathrm{s}^2}\cdot20\,\mathrm{m}","W=90\,\mathrm{kg}\cdot9{,}82\,\dfrac{\mathrm{m}}{\mathrm{s}^2}\cdot20\,\mathrm{m}",supported-structured,"define,number,operator,unit,variable",False,False,True,False,da032c4df18c5eb235b23175ba14574d40a97b47a6d924255e4660937db52d5e
el,M01,example,1,"W=17676\,\mathrm{J}=4{,}91\,\mathrm{Wh}","W=17676\,\mathrm{J}=4{,}91\,\mathrm{Wh}",supported-structured,"define,number,operator,unit,variable",False,False,True,False,a1e8c0e7dafaabcf0865915c79316b5bb9c35785fca2cefb93eb66824673232e
el,M02,main,0,W=Fs,W=Fs,supported-structured,"define,operator,variable",True,False,False,False,5e792207099ad36907ce8103fcecef400ac98476e99b2c8ff18f3486712570b4
el,M02,steps,1,W=Fs\cos\theta,W=Fs\cos\theta,supported-structured,"call,define,operator,variable",False,False,False,False,0d9f1340b661834cdead90b61da1bca84eec1545dd571e0fee38f6ec637677f9
el,M02,conversion,0,\mathrm{N}\cdot\mathrm{m}=\mathrm{J},\mathrm{N}\cdot\mathrm{m}=\mathrm{J},supported-structured,"operator,relation,unit",False,False,False,False,c6429db0da62400159ec3defb2f923639cc41129f9442d73680147c5834c86ce
el,M05,main,0,W=M\theta,W=M\theta,supported-structured,"define,operator,variable",True,False,False,False,4bb753cc768d18dd3921d6cb86726bc503ba94bf3968db31394682a71c8e6921
el,M05,steps,1,\theta=2\pi z,\theta=2\pi z,supported-structured,"constant,define,number,operator,variable",False,False,False,False,06e8e4cf6cd1012a509713f78b5624a0952ba36da5aba35c7aeac1c191032e7b
el,M05,conversion,0,\theta[\mathrm{rad}]=\theta[{}^\circ]\dfrac{\pi}{180},\theta[\mathrm{rad}]=\theta[{}^\circ]\dfrac{\pi}{180},supported-structured,"constant,number,operator,relation,unit,variable",False,False,False,False,075f014f1d35fb1feec3b393f567d46d0ba10067fbb4bbc7e75c996782e33e96
el,M05,example,0,"W=0{,}20\,\mathrm{N}\cdot\mathrm{m}\cdot\dfrac{\pi}{4}","W=0{,}20\,\mathrm{N}\cdot\mathrm{m}\cdot\dfrac{\pi}{4}",supported-structured,"constant,define,number,operator,unit,variable",False,False,True,False,d497a9c2ab139d91d46b76d679ea69cfda5a20d583bb2624eacaa2fb120e2b7f
el,M05,example,1,"W=0{,}157080\,\mathrm{J}","W=0{,}157080\,\mathrm{J}",supported-structured,"define,number,operator,unit,variable",False,False,True,False,5b5616c71ac61681a4fb36e1aea6336f9a4ee708dda2df374e2b8ba1ff51d196
el,M03,main,0,M=Fr,M=Fr,supported-structured,"define,operator,variable",True,False,False,False,4b04a41eba112d24aa2b1f4adbcea6eeab55f21c832c5ae9a1b752d80fb5513e
el,M03,conversion,0,r[\mathrm{m}]=\dfrac{r[\mathrm{cm}]}{100},r[\mathrm{m}]=\dfrac{r[\mathrm{cm}]}{100},supported-structured,"number,operator,relation,unit,variable",False,False,False,False,2e8687a5ce171f8877d2ef281944fe4b05105f25c1ae6715074d7df9b3e2929e
el,M03,example,0,"M=2\,\mathrm{N}\cdot0{,}10\,\mathrm{m}=0{,}20\,\mathrm{N}\cdot\mathrm{m}","M=2\,\mathrm{N}\cdot0{,}10\,\mathrm{m}=0{,}20\,\mathrm{N}\cdot\mathrm{m}",supported-structured,"define,number,operator,unit,variable",False,False,True,False,0babd65155da9e5370b496a75f92b1778ac4b651adaa95cfb4bb4571ff65039f
el,M04,main,0,\omega=\frac{\Delta\theta}{\Delta t}=2\pi n,\omega=\frac{\Delta\theta}{\Delta t}=2\pi n,supported-structured,"constant,define,number,operator,variable",True,False,False,False,5ce1d76cceefee6d3b0912332e870d2d37db9beffac33c848d5e0b84366ca5c2
el,M04,steps,0,n[\mathrm{s}^{-1}]=\dfrac{n[\mathrm{rpm}]}{60},n[\mathrm{s}^{-1}]=\dfrac{n[\mathrm{rpm}]}{60},supported-structured,"number,operator,relation,unit,variable",False,False,False,False,bc9790a973064af62a65810af9460fa74cde1d2ede4845985f8b6f1f14c78a79
el,M04,steps,1,\theta[\mathrm{rad}]=\theta[{}^\circ]\dfrac{\pi}{180},\theta[\mathrm{rad}]=\theta[{}^\circ]\dfrac{\pi}{180},supported-structured,"constant,number,operator,relation,unit,variable",False,False,False,False,ec47cd70a2989071173d62e45dc36ddf927e76b9f6d5c23c5bd379036b0b8640
el,M04,pitfall,0,"45^\circ=\dfrac{\pi}{4}\,\mathrm{rad}","45^\circ=\dfrac{\pi}{4}\,\mathrm{rad}",supported-structured,"constant,number,operator,relation,unit",False,False,False,False,a682c1ca3ceff9e8a2828394ce576a8afa863c61ca5cdcda49f20bcfd6925be7
el,M04,example,0,"\omega=\dfrac{45\pi}{180\cdot3\,\mathrm{s}}\,\mathrm{rad}","\omega=\dfrac{45\pi}{180\cdot3\,\mathrm{s}}\,\mathrm{rad}",supported-structured,"constant,define,number,operator,unit,variable",False,False,True,False,b3d109df5ea43fd34e6149ada03b615a1ec57a407a906f45b6eae0e4e09db333
el,M04,example,1,"\omega=0{,}261799\,\mathrm{rad/s}","\omega=0{,}261799\,\mathrm{rad/s}",supported-structured,"define,number,operator,unit,variable",False,False,True,False,328678ba631700de9b7256a52044155f207258b9583809e10eaac453b52ea602
el,M06,main,0,M=\frac{P_{\mathrm{mek}}}{\omega}=\frac{60P_{\mathrm{mek}}}{2\pi n},M=\frac{P_{\mathrm{mek}}}{\omega}=\frac{60P_{\mathrm{mek}}}{2\pi n},supported-structured,"constant,define,number,operator,unit,variable",True,False,False,False,79b08ed9f5761c2b43e6969fe1ae0cd0a4bd26d803013754f8e1f59feb84e64b
el,M06,steps,1,P_{\mathrm{mek}}=\eta P_{\mathrm{ind}},P_{\mathrm{mek}}=\eta P_{\mathrm{ind}},supported-structured,"define,operator,variable",False,False,False,False,d5d0a95b17997bc317ef95536f31992d82d38c6ee171662d0187bb4b5914c099
el,M06,pitfall,0,"P_{\mathrm{ind}}=200\,\mathrm{W}","P_{\mathrm{ind}}=200\,\mathrm{W}",supported-structured,"number,operator,relation,unit,variable",False,False,False,False,c6512e31a98bf538a4cfb1964f5b66c2faf1e7364813e81438713e53fdb095d0
el,M06,pitfall,1,"n=3000\,\mathrm{rpm}","n=3000\,\mathrm{rpm}",supported-structured,"number,operator,relation,unit,variable",False,False,False,False,b2bb01d31067bf790fcc1735778fbd761d9b427c8b282be663ff244749f2e238
el,M06,example,0,"M=0{,}6366\eta\,\mathrm{N}\cdot\mathrm{m}","M=0{,}6366\eta\,\mathrm{N}\cdot\mathrm{m}",supported-structured,"define,number,operator,unit,variable",False,False,True,False,cf46b6019c31070c44a06c91cb41f7605a5b652f4324e7eccea043f05b382d8b
el,F01,main,0,|F|=\frac{|Q_1Q_2|}{4\pi\varepsilon a^2},|F|=\frac{|Q_1Q_2|}{4\pi\varepsilon a^2},supported-structured,"constant,define,number,operator,variable",True,False,False,False,02277048686ee85f3e1f41335862fd1b98bee2e9013b1dbb3709c4d6f6f3ed49
el,F01,steps,0,\varepsilon=\varepsilon_0\varepsilon_r,\varepsilon=\varepsilon_0\varepsilon_r,supported-structured,"define,operator,variable",False,False,False,False,8a70d0b482e4f1f4a6a77b9e052d05e52129d75e20a5e75dc3d321f7a81a270e
el,F01,conversion,0,Q[\mathrm{C}]=10^{-6}Q[\mu\mathrm{C}],Q[\mathrm{C}]=10^{-6}Q[\mu\mathrm{C}],supported-structured,"number,operator,relation,unit,variable",False,False,False,False,a96acdc595e538ad072eff22311a909c280ca5b6353ecd53a6294f2c038fed2f
el,F02,main,0,"E=\frac{F}{Q},\qquad |E|=\frac{|Q_k|}{4\pi\varepsilon a^2}","E=\frac{F}{Q},\qquad |E|=\frac{|Q_k|}{4\pi\varepsilon a^2}",supported-structured,"constant,define,number,operator,variable",True,False,False,False,56a20330f1bb980ea8099cc93d6e336e135f75963bba1716b3e2b6fa94cf96fe
el,F02,conversion,0,"\dfrac{1\,\mathrm{N}}{1\,\mathrm{C}}=\dfrac{1\,\mathrm{V}}{1\,\mathrm{m}}","\dfrac{1\,\mathrm{N}}{1\,\mathrm{C}}=\dfrac{1\,\mathrm{V}}{1\,\mathrm{m}}",supported-structured,"number,operator,relation,unit",False,False,False,False,741a7de7c98f08123c03b43c6d28705e221c7f7e3fbd74eae74170ba8209da7b
el,F02,example,0,"F=\dfrac{300\,\mathrm{V}}{\mathrm{m}}\cdot0{,}1\,\mu\mathrm{C}","F=\dfrac{300\,\mathrm{V}}{\mathrm{m}}\cdot0{,}1\,\mu\mathrm{C}",supported-structured,"define,number,operator,unit,variable",False,False,True,False,9677918681fc63aa663a1a6fc17bccdc7a589e7c800185534fa1124d1b68884f
el,F02,example,1,"F=30\,\mu\mathrm{N}","F=30\,\mu\mathrm{N}",supported-structured,"define,number,operator,unit,variable",False,False,True,False,924d1209d5cb7006c0332ba955481bfdb4d637c230a57a1a76e5c59833bb24ab
el,F03,main,0,\vec F=Q\vec E,\vec F=Q\vec E,supported-structured,"define,operator,variable,vector",True,False,False,False,7e944d39ddb7c4768ed91620fb72dc1ca78a26840da2a9752a23a34a3dd030cd
el,F04,main,0,a=\sqrt{\frac{|Q_1Q_2|}{4\pi\varepsilon |F|}},a=\sqrt{\frac{|Q_1Q_2|}{4\pi\varepsilon |F|}},supported-structured,"constant,define,number,operator,placeholder,variable",True,False,False,False,eebb28aab5c35891efac27b6bf7207b0daf101705617e9b197f9498e00de8132
el,F04,steps,1,|Q|=a\sqrt{\dfrac{|F|}{k}},|Q|=a\sqrt{\dfrac{|F|}{k}},supported-structured,"define,operator,placeholder,variable",False,False,False,False,29e2d35a3c927e8e132c2eafd1f4f4d3f1d174bf26c15f26e87a12c71e991419
el,F04,steps,2,k=\dfrac{1}{4\pi\varepsilon},k=\dfrac{1}{4\pi\varepsilon},supported-structured,"constant,define,number,operator,variable",False,False,False,False,e9e87c6a0b0b77ede7b0a90cb2346b838388b546ad62e4dcc5a1bc4f58010c71
el,F04,conversion,0,a[\mathrm{m}]=\dfrac{a[\mathrm{mm}]}{1000},a[\mathrm{m}]=\dfrac{a[\mathrm{mm}]}{1000},supported-structured,"number,operator,relation,unit,variable",False,False,False,False,ddd3de468e089d4908881489f1ecee8411939fa2d61d4fabe8839db93c9d2b8e
el,F04,pitfall,1,\dfrac{1}{a^2},\dfrac{1}{a^2},supported-structured,"number,operator,variable",False,False,False,False,a2181cc5ff89434f8824b6dcb4c9b1c5d3d4c8cc4734521b00faf328f4a5aa26
el,F04,pitfall,3,\dfrac{1}{a},\dfrac{1}{a},supported-structured,"number,operator,variable",False,False,False,False,083dca8462fb1f0ef0811ee42e7b3ecdbef0934bf622b12b0c799dd2f3c1cd5b
el,F05,main,0,|Q_2|=\frac{4\pi\varepsilon a^2|F|}{|Q_1|},|Q_2|=\frac{4\pi\varepsilon a^2|F|}{|Q_1|},supported-structured,"constant,define,number,operator,variable",True,False,False,False,907fa6aaf94275f00e864f256e3345b631817b3efcbd55fa04510744a1471d96
el,F05,conversion,0,Q[\mathrm{C}]=10^{-9}Q[\mathrm{nC}],Q[\mathrm{C}]=10^{-9}Q[\mathrm{nC}],supported-structured,"number,operator,relation,unit,variable",False,False,False,False,e5f311367a8adcf7b5411d258627bb6e483867efe10b280ebedb79c06604c526
el,F05,conversion,1,F[\mathrm{N}]=10^{-3}F[\mathrm{mN}],F[\mathrm{N}]=10^{-3}F[\mathrm{mN}],supported-structured,"number,operator,relation,unit,variable",False,False,False,False,a920ab4b7c98f793b7ccb3f174cd718a5abfdf529cf21bf0913f09c2e8e7cd55
el,F05,pitfall,0,Q_1=0,Q_1=0,supported-structured,"number,relation,variable",False,False,False,False,2e5a041b9c4c5f1404f17debb2ae75b6002159586e70cfd9c5bb110b593bea01
el,F06,main,0,\Psi=E A=\frac{Q}{\varepsilon},\Psi=E A=\frac{Q}{\varepsilon},supported-structured,"define,operator,variable",True,False,False,False,1790c01b90909627c49ca645ecc006e3dff62d782d2db54ed2c4f91faa340f1f
el,F06,steps,1,A=4\pi a^2,A=4\pi a^2,supported-structured,"constant,define,number,operator,variable",False,False,False,False,c1d792759865d534ce2904d328a0f4964b77392dce83f972ca8d3bd907de2749
el,F06,steps,3,\Psi=\dfrac{Q}{\varepsilon},\Psi=\dfrac{Q}{\varepsilon},supported-structured,"define,operator,variable",False,False,False,False,ecd16ae22928cb343674e60bab544e5f6d49bbb17f3c8a38cd20984ff866ea0d
el,F06,conversion,0,\dfrac{\mathrm{V}}{\mathrm{m}}\cdot\mathrm{m}^2=\mathrm{V}\cdot\mathrm{m},\dfrac{\mathrm{V}}{\mathrm{m}}\cdot\mathrm{m}^2=\mathrm{V}\cdot\mathrm{m},supported-structured,"number,operator,relation,unit",False,False,False,False,7609a0fb2b05e09d8360bfc4d2db18d258e0dc99b5bdac8d49a2d5d5d5f25e5f
el,F07,main,0,\varepsilon=\varepsilon_0\varepsilon_r,\varepsilon=\varepsilon_0\varepsilon_r,supported-structured,"define,operator,variable",True,False,False,False,814963cc2f8715e2a94ce440861b57b191ea471d5e4762174e6fe854850f8f21
el,F07,steps,1,k=\dfrac{1}{4\pi\varepsilon},k=\dfrac{1}{4\pi\varepsilon},supported-structured,"constant,define,number,operator,variable",False,False,False,False,58e8ac783e1ca3027406dcbd4968b96ae9ac97c47bfa1fbcd7a749e7f0b0637b
el,F07,pitfall,1,\varepsilon_r=1,\varepsilon_r=1,supported-structured,"number,relation,variable",False,False,False,False,c3340f9e411d66f588ee445dd74eac8ee676b9149b002cad83485594043a03cc
el,B01,main,0,\Phi=BA,\Phi=BA,supported-structured,"define,operator,variable",True,False,False,False,44fba08cffa408110a71e22437f8d80a210e7b01280676ce52f1ab193b6f541d
el,B01,steps,1,\Phi=BA\cos\theta,\Phi=BA\cos\theta,supported-structured,"call,define,operator,variable",False,False,False,False,7e4a046fa715a23c03a701cde8e14df01e9e9e6e739d184dabe9fd35ed117327
el,B01,conversion,0,A[\mathrm{m}^2]=10^{-4}A[\mathrm{cm}^2],A[\mathrm{m}^2]=10^{-4}A[\mathrm{cm}^2],supported-structured,"number,operator,relation,unit,variable",False,False,False,False,601707118fe890ccfa2f8027b5522285098fd2a3a38314ef93a07299f34c903a
el,B02,main,0,B=\frac{\Phi}{A},B=\frac{\Phi}{A},supported-structured,"define,operator,variable",True,False,False,False,0279499f13c1fc6a8729a3806862a77df3aa4869c239a7148b9b877b03877db9
el,B02,steps,0,"1\,\mathrm{T}=\dfrac{1\,\mathrm{Wb}}{1\,\mathrm{m}^2}","1\,\mathrm{T}=\dfrac{1\,\mathrm{Wb}}{1\,\mathrm{m}^2}",supported-structured,"number,operator,relation,unit",False,False,False,False,7f4db6e301c6da1b7c3016823b9efced1bfd3646cf9ebdcb842e485250eb2f84
el,B02,conversion,0,\Phi[\mathrm{Wb}]=10^{-3}\Phi[\mathrm{mWb}],\Phi[\mathrm{Wb}]=10^{-3}\Phi[\mathrm{mWb}],supported-structured,"number,operator,relation,unit,variable",False,False,False,False,e0c6d7053c61934b1facea87b9d11ae4db1718d45cd38474737dfc716cb84352
el,B02,pitfall,1,10^6,10^6,supported-structured,"number,operator",False,False,False,False,2ca4b96698891b2f366bb8de1b2d04100957485d22e8936d4b401e9e3ad7c6f1
el,B03,main,0,B=\mu H,B=\mu H,supported-structured,"define,operator,variable",True,False,False,False,8e8952dc8ae33b6cfbc88597edb39f17c9c17d9bdb1d0eb8ba3cdf6d410eb94b
el,B03,conversion,0,\mu=\mu_0\mu_r,\mu=\mu_0\mu_r,supported-structured,"operator,relation,variable",False,False,False,False,b6093bf972387b1d9b4d0db4f0e6b4673bdb72b2903389c4a417096b5475a2d6
el,B04,main,0,B=\frac{\mu I}{2\pi a},B=\frac{\mu I}{2\pi a},supported-structured,"constant,define,number,operator,variable",True,False,False,False,2a8d27fe345ecab05933fba220cdd4d916a50b7d1edc799c2c68bb37643bb5ad
el,B04,steps,1,\mu\approx\mu_0,\mu\approx\mu_0,supported-structured,"define,variable",False,False,False,False,acf84f2f9cb30778861bcadae80cd0d4428f1eb7aafff04c97a2d64bb0625dcf
el,B04,steps,3,"B\approx2\cdot10^{-7}\,\dfrac{\mathrm{H}}{\mathrm{m}}\dfrac{I}{a}","B\approx2\cdot10^{-7}\,\dfrac{\mathrm{H}}{\mathrm{m}}\dfrac{I}{a}",supported-structured,"define,number,operator,unit,variable",False,False,False,False,80b0261646c54d89db47aa0f29ebd6adee454d88a89c6e08696016e3fb9c1970
el,B05,main,0,H=\frac{NI}{l}=\frac{F_m}{l},H=\frac{NI}{l}=\frac{F_m}{l},supported-structured,"define,operator,variable",True,False,False,False,312d41af7b796b0e938ee62023f756008a6d752cca9d3235a80c844d341ead2e
el,B06,main,0,F_m=NI=R_m\Phi,F_m=NI=R_m\Phi,supported-structured,"define,operator,variable",True,False,False,False,6c90fe998df3aa4c2cb755f92cf51764ff921cd1a6d4b60025ff831fa5803b8e
el,B06,steps,1,F_m=\sum_k N_k I_k,F_m=\sum_k N_k I_k,supported-structured,"define,index,operator,placeholder,sum,variable",False,False,False,False,97d7cbcfc94e7c8980a954ce5d6eabf2f92ea4fe8de74f88cd907543a9e8316a
el,B07,main,0,R_m=\frac{l}{\mu A},R_m=\frac{l}{\mu A},supported-structured,"define,operator,variable",True,False,False,False,74af7832be8314594d73f08cce8b751320f92a4cc183bd79a97bd94b06dd9b6a
el,B07,steps,1,"R_{m,\mathrm{total}}=\sum_k R_{m,k}","R_{m,\mathrm{total}}=\sum_k R_{m,k}",supported-structured,"define,index,placeholder,sum,variable",False,False,False,False,a7cdd8b0919f4f372140171802dc2d7114f9b877999fadeff20fc709ecdcade8
el,B07,conversion,0,"1\,\dfrac{\mathrm{A}}{\mathrm{Wb}}=\dfrac{1}{\mathrm{H}}","1\,\dfrac{\mathrm{A}}{\mathrm{Wb}}=\dfrac{1}{\mathrm{H}}",supported-structured,"number,operator,relation,unit",False,False,False,False,11d27b86ae63368e1ed8a2078483dae2ba34305d076f80bf78ef383153a31d9d
el,B07,pitfall,1,\mathrm{H}^{-1},\mathrm{H}^{-1},supported-structured,"number,operator,unit",False,False,False,False,9b2095da69d019efe8d067e716acc80f9ece5fb80bbebe4553673d6082bc4fe2
el,B08,main,0,\Phi=\frac{NI}{R_m},\Phi=\frac{NI}{R_m},supported-structured,"define,operator,variable",True,False,False,False,a7640140fdac1e5094c2e2338f6fecb7e5f8eee02f4670ca3a76ed6a87a0203e
el,B08,steps,1,B=\dfrac{\Phi}{A},B=\dfrac{\Phi}{A},supported-structured,"define,operator,variable",False,False,False,False,2540b64bf42ee72d5761057292a3078211388e479ea833d7ddc937721bd9e5c0
el,B09,main,0,\mu=\mu_0\mu_r=\frac{B}{H},\mu=\mu_0\mu_r=\frac{B}{H},supported-structured,"define,operator,variable",True,False,False,False,d021594432fc1cd4c064d18a77e9a0b1f1cfb1700b9ceedae65741cf642aebe7
el,B09,steps,0,\mu_r=\dfrac{\mu}{\mu_0},\mu_r=\dfrac{\mu}{\mu_0},supported-structured,"define,operator,variable",False,False,False,False,95f86662f4832023556b87e526cb827c34dbe07660438a564e0d20a89bed751c
el,B09,steps,2,H\ne0,H\ne0,supported-structured,"number,relation,variable",False,False,False,False,2459b260deec2e7e51391506ca089531b09adc3694cd56cca55cae2855c570c4
el,B11,main,0,A=\frac{\Phi}{B},A=\frac{\Phi}{B},supported-structured,"define,operator,variable",True,False,False,False,f01d9cf43ef431ebe550576af949239ecd316c33bb11ea60a19f58550165be61
el,B11,conversion,0,"1\,\mathrm{m}^2=10^4\,\mathrm{cm}^2","1\,\mathrm{m}^2=10^4\,\mathrm{cm}^2",supported-structured,"number,operator,relation,unit",False,False,False,False,62595558dbfe098d340ee3a10701c3cb3edab7b74de38b920cde0c759677bb79
el,B11,conversion,1,"1\,\mathrm{m}^2=10^6\,\mathrm{mm}^2","1\,\mathrm{m}^2=10^6\,\mathrm{mm}^2",supported-structured,"number,operator,relation,unit",False,False,False,False,87c4b0dd73a849b14239bd0a5d2384b3e91bf96370f5467b1a18ea60f0233034
el,B12,main,0,H=\frac{B}{\mu},H=\frac{B}{\mu},supported-structured,"define,operator,variable",True,False,False,False,18b385f1f79e0b7e67b2e9fca44023aa12f86456971cbef42861057d485d16be
el,B12,conversion,0,\mu=\mu_0\mu_r,\mu=\mu_0\mu_r,supported-structured,"operator,relation,variable",False,False,False,False,c65afe8bf1062f36cd1a332309d3c9b8f7a2893d15438de7b6e52860f01cc3ad
el,B13,main,0,\mu_r=\frac{\mu}{\mu_0},\mu_r=\frac{\mu}{\mu_0},supported-structured,"define,operator,variable",True,False,False,False,092af4c4126928291d86959fc585768cc9942ff3da75cdaee81fe42e444712bd
el,B13,steps,1,\mu_r\approx1,\mu_r\approx1,supported-structured,"define,number,variable",False,False,False,False,46007925d276c22fd256702e811af820ae7c4b373710d39a601a5fdc595aa2e9
el,B13,pitfall,1,\mu_r=600,\mu_r=600,supported-structured,"number,relation,variable",False,False,False,False,ca0043029f479252c328c60d5703bb34c2baf7c7087d5eca04e39c7a37fcacbb
el,E04,main,0,L=\frac{N^2\mu A}{l},L=\frac{N^2\mu A}{l},supported-structured,"define,number,operator,variable",True,False,False,False,0c15bb21a338a142ae5243f60218db1de8cd186f31e482a12d85caf49f0acf59
el,E04,steps,0,\mu=\mu_0\mu_r,\mu=\mu_0\mu_r,supported-structured,"define,operator,variable",False,False,False,False,8107707abe9d3430e34aae104677f8dcd3d641d3554a87f235a6261e3188f6f2
el,E04,steps,2,L=\dfrac{N^2}{R_m},L=\dfrac{N^2}{R_m},supported-structured,"define,number,operator,variable",False,False,False,False,73df2149704a9ca4916a1bbe92ede7ea178e88a211ff7958865d0791d21d0143
el,E06,main,0,L=-\frac{e_s\Delta t}{\Delta I},L=-\frac{e_s\Delta t}{\Delta I},supported-structured,"define,operator,variable",True,False,False,False,89f4d03783edb498e4b440d41ad5486a4df2471731e03b98ed77d7683c4a31c7
el,E06,pitfall,1,\Delta U_R=IR,\Delta U_R=IR,supported-structured,"operator,relation,variable",False,False,False,False,8edc3c0f30128a40ceb63e41da346d1dfd8989e420ef87961234a33aa91dd88c
el,K01,main,0,|F|=B|I|l,|F|=B|I|l,supported-structured,"define,operator,variable",True,False,False,False,3bf863ca8edbd39b40e827070dbf40656f791a61cd6a20ee83f26079769ecc51
el,K01,steps,1,|F|=B|I|l\sin\theta,|F|=B|I|l\sin\theta,supported-structured,"call,define,operator,variable",False,False,False,False,375d1b82a42d48a9e0b448968b87035a2df43c3378afff0309aaf639d2adbd8e
el,K01,conversion,0,B[\mathrm{T}]=\dfrac{B[\mathrm{mT}]}{1000},B[\mathrm{T}]=\dfrac{B[\mathrm{mT}]}{1000},supported-structured,"number,operator,relation,unit,variable",False,False,False,False,f3507f1989fc972e5505d570b8933004560e321792cf928a99275ac47c3ef9ee
el,K01,pitfall,1,\vec I\times\vec B,\vec I\times\vec B,supported-structured,"operator,variable,vector",False,False,False,False,80cd9fda90b2059afd87b685b63a6bb25104de3ad1f4dc62721db9b9ea6e8e49
el,K01,example,0,"|F|=20\,\mathrm{mT}\cdot3\,\mathrm{A}\cdot6\,\mathrm{m}","|F|=20\,\mathrm{mT}\cdot3\,\mathrm{A}\cdot6\,\mathrm{m}",supported-structured,"eval,number,operator,override,placeholder,unit",False,False,True,False,e4cc017e009e29e2c1297c6165a22ebd3a2ee7fe8c50c2736453f2cbb0078deb
el,K01,example,1,"|F|=0{,}36\,\mathrm{N}","|F|=0{,}36\,\mathrm{N}",supported-structured,"eval,number,operator,override,placeholder,unit",False,False,True,False,6c55f84c345e316143fc6a9625ba650738a6981f24997bda8258dc78925e4791
el,K02,main,0,l=\frac{|F|}{B|I|},l=\frac{|F|}{B|I|},supported-structured,"define,operator,variable",True,False,False,False,0402510fec71e40d130695dea9bee564bfdc015845d5843a9a09a1729d2212d0
el,K02,steps,1,\sin\theta,\sin\theta,supported-structured,"call,variable",False,False,False,False,aeb4e3ee275efcc4931d210de99363ecff3bb33dd7f159ee805bc6379ca12885
el,K02,conversion,0,"50\,\mathrm{mT}=0{,}050\,\mathrm{T}","50\,\mathrm{mT}=0{,}050\,\mathrm{T}",supported-structured,"number,operator,relation,unit",False,False,False,False,e079e583bfddb5fb28675021104fc6b34ca9b897bd0574801d3cf11ff2f3b49f
el,K02,example,0,"l=\dfrac{1\,\mathrm{N}}{0{,}050\,\mathrm{T}\cdot10\,\mathrm{A}}=2\,\mathrm{m}","l=\dfrac{1\,\mathrm{N}}{0{,}050\,\mathrm{T}\cdot10\,\mathrm{A}}=2\,\mathrm{m}",supported-structured,"define,number,operator,unit,variable",False,False,True,False,5a956442c3a5efcc9c642fd2c65f77575f219436b156832d8afeba5cdca083fb
el,K03,main,0,B=\frac{|F|}{|I|l},B=\frac{|F|}{|I|l},supported-structured,"define,operator,variable",True,False,False,False,01408772167a063bd5e90b39b054615d5480f7c4fc91a1ee9e6a801d29fc4bc7
el,K03,conversion,0,B[\mathrm{mT}]=1000B[\mathrm{T}],B[\mathrm{mT}]=1000B[\mathrm{T}],supported-structured,"number,operator,relation,unit,variable",False,False,False,False,0638f3b4648c9b435378cd0f9966b7adf859d8d2b4ab24de6b2291b9a6beef2c
el,K03,example,0,"B=\dfrac{75\,\mathrm{N}}{15\,\mathrm{A}\cdot200\,\mathrm{m}}","B=\dfrac{75\,\mathrm{N}}{15\,\mathrm{A}\cdot200\,\mathrm{m}}",supported-structured,"define,number,operator,unit,variable",False,False,True,False,b0944309b20bdbe67d15118224a5b64719f374ce1f0cce1047ef80776413bc36
el,K03,example,1,"B=0{,}025\,\mathrm{T}=25\,\mathrm{mT}","B=0{,}025\,\mathrm{T}=25\,\mathrm{mT}",supported-structured,"define,number,operator,unit,variable",False,False,True,False,bf1e75719a658ba3c5b802f2d2e9eb79360f63835fd3bcfab9ae03ce21d9a94c
el,K04,main,0,|F|=\frac{\mu|I_1I_2|l}{2\pi a},|F|=\frac{\mu|I_1I_2|l}{2\pi a},supported-structured,"constant,define,number,operator,variable",True,False,False,False,6de19bee6a109869d6b34f9d69853e2bc688398bedbd552f6403a19a8ad84f63
el,K04,steps,1,"|F|\approx2\cdot10^{-7}\,\dfrac{\mathrm{H}}{\mathrm{m}}\dfrac{|I_1I_2|l}{a}","|F|\approx2\cdot10^{-7}\,\dfrac{\mathrm{H}}{\mathrm{m}}\dfrac{|I_1I_2|l}{a}",supported-structured,"define,number,operator,unit,variable",False,False,False,False,179170d6831e15bd70648aa81e80e99a0f0f97d90594a0d04053fa4262891316
el,K04,conversion,1,\dfrac{|F|}{l}\quad[\mathrm{N/m}],\dfrac{|F|}{l}\quad[\mathrm{N/m}],supported-structured,"operator,unit,variable",False,False,False,False,83605589f56a03442ea768faf57850658214a02655fc1d86b97eadafe304a017
el,C01,main,0,D=\dfrac{Q}{A},D=\dfrac{Q}{A},supported-structured,"define,operator,variable",True,False,False,False,c08aff4d1e3bdb8892e8d254872e687377658281d1a0e5afe7b5528474197a6d
el,C01,steps,0,Q=DA,Q=DA,supported-structured,"define,operator,variable",False,False,False,False,81ec434f4c475dd90e2380b9b95eb16640ae9fefab9e019144f9aa46d2437737
el,C01,steps,2,D=\varepsilon U/a,D=\varepsilon U/a,supported-structured,"define,operator,variable",False,False,False,False,e8a531fa8b6d221d4bba4edfcad18c0c4d0f6e26347b5f3cf7d28e3753ff6634
el,C01,conversion,0,"1\,\mathrm{C}/\mathrm{m}^2","1\,\mathrm{C}/\mathrm{m}^2",supported-structured,"number,operator,unit",False,False,False,False,6e0c5b42ca2d5369d6bcbcbbf9e7ec78e22329e2eca3532c226acebd228e6f47
el,C02,main,0,Q=DA,Q=DA,supported-structured,"define,operator,variable",True,False,False,False,bb27fd4b2d5984dcdfbf6769c7d53852cdb5b4046dfaac1e3bde3e774484da2c
el,C02,steps,0,D=\dfrac{Q}{A},D=\dfrac{Q}{A},supported-structured,"define,operator,variable",False,False,False,False,8987c81e471615ac49a9d9f5ae297f04046ab4f8f8e6ffc4bc1190cb6ce1008f
el,C02,conversion,0,\mathrm{C}/\mathrm{m}^2\cdot\mathrm{m}^2=\mathrm{C},\mathrm{C}/\mathrm{m}^2\cdot\mathrm{m}^2=\mathrm{C},supported-structured,"number,operator,relation,unit",False,False,False,False,84bf4606a70050c6fcd4327c3acc543feb026fb468c66fc7d3f29a7506031987
el,C03,main,0,E=\dfrac{D}{\varepsilon}=\dfrac{Q}{\varepsilon_0\varepsilon_r A},E=\dfrac{D}{\varepsilon}=\dfrac{Q}{\varepsilon_0\varepsilon_r A},supported-structured,"define,operator,variable",True,False,False,False,443df00c354449b15ac19b0835ebfc96c1d3f61c6face95c268fe8f0d6dce2bc
el,C03,steps,0,\varepsilon=\varepsilon_0\varepsilon_r,\varepsilon=\varepsilon_0\varepsilon_r,supported-structured,"define,operator,variable",False,False,False,False,f8b669337cdadf0f437873873dc6c6c1e607e20af62623ea6e2a59740c4e74ef
el,C03,steps,1,D=Q/A,D=Q/A,supported-structured,"define,operator,variable",False,False,False,False,96d79267993b27cba6297f8a5be3de59c6e53147384dfd260822755fdbb2ddd5
el,C03,conversion,0,\mathrm{C}/\mathrm{m}^2\div(\mathrm{F}/\mathrm{m})=\mathrm{V}/\mathrm{m},\mathrm{C}/\mathrm{m}^2\div(\mathrm{F}/\mathrm{m})=\mathrm{V}/\mathrm{m},supported-structured,"number,operator,parens,relation,unit",False,False,False,False,375594430be4709599849e403e6e1d8510290d92b3c23af95e276e9fa7c98058
el,C04,main,0,E=\dfrac{U}{a},E=\dfrac{U}{a},supported-structured,"define,operator,variable",True,False,False,False,48884a3420f75d61d221c43711b2e2cc35324069c58723887a63c7fa477a9576
el,C04,steps,0,U=Ea,U=Ea,supported-structured,"define,operator,variable",False,False,False,False,849f65e5cb2b2584123654d8f227ce7a5c0f83d94961adfdb4e8f7c4ca8fa13c
el,C04,steps,1,a=\dfrac{U}{E},a=\dfrac{U}{E},supported-structured,"define,operator,variable",False,False,False,False,8383361f582eebdea3d4143271345a90b575584c8783cb759cfa59f46bc5b3d0
el,C04,conversion,0,\mathrm{V}/\mathrm{m},\mathrm{V}/\mathrm{m},supported-structured,"operator,unit",False,False,False,False,8cc80f6ff0ebb3d4bf951e58b9fa2582acb6bfbf07b7254aae13114c94144011
el,C05,main,0,C=\dfrac{Q}{U}=\dfrac{\varepsilon_0\varepsilon_r A}{a},C=\dfrac{Q}{U}=\dfrac{\varepsilon_0\varepsilon_r A}{a},supported-structured,"define,operator,variable",True,False,False,False,188bc9a0dc798b54eec9a44db0a6847678d79b9766bfca7de324ef074662bbdc
el,C05,steps,0,\varepsilon=\varepsilon_0\varepsilon_r,\varepsilon=\varepsilon_0\varepsilon_r,supported-structured,"define,operator,variable",False,False,False,False,0315af0718b3c3b6e78d26a43e75149d4b160efcc489ba419905ee81e087ed05
el,C05,conversion,0,"1\,\mathrm{F}=1\,\mathrm{C}/\mathrm{V}","1\,\mathrm{F}=1\,\mathrm{C}/\mathrm{V}",supported-structured,"number,operator,relation,unit",False,False,False,False,4d1e4b0dde32adfce645135dcb5fa35d6de9e9c188efa69b3082b3a27df9f5fe
el,C05,conversion,1,"\varepsilon=\varepsilon_0\varepsilon_r\,[\mathrm{F}/\mathrm{m}]","\varepsilon=\varepsilon_0\varepsilon_r\,[\mathrm{F}/\mathrm{m}]",supported-structured,"operator,relation,unit,variable",False,False,False,False,1b2a709054a51adc60089c962f2d5a4c9641c724aa7ffd54745f8ac179413227
el,C06,main,0,A=\dfrac{Ca}{\varepsilon_0\varepsilon_r},A=\dfrac{Ca}{\varepsilon_0\varepsilon_r},supported-structured,"define,operator,variable",True,False,False,False,4c02e6f3d47724d03ed73ceca35c1f969f288a5087065f95df2d5b007b9aad46
el,C06,steps,0,C=\dfrac{\varepsilon_0\varepsilon_r A}{a},C=\dfrac{\varepsilon_0\varepsilon_r A}{a},supported-structured,"define,operator,variable",False,False,False,False,0dfcfa5ff3bfc498635333ed20a6867e04a9c76d6e2e04b9066af94e04d40dbd
el,C06,conversion,0,"1\,\mathrm{cm}^2=10^{-4}\,\mathrm{m}^2","1\,\mathrm{cm}^2=10^{-4}\,\mathrm{m}^2",supported-structured,"number,operator,relation,unit",False,False,False,False,ec76f82acd9948d7a129ec7564cdce3dcc87e9b66394e16efb38f916701a754c
el,C07,main,0,a=\dfrac{\varepsilon_0\varepsilon_r A}{C},a=\dfrac{\varepsilon_0\varepsilon_r A}{C},supported-structured,"define,operator,variable",True,False,False,False,a18c3ae3a2a15e18b78491f4850f0345a3276bc7648e6b2ddaaeb390728dce6c
el,C07,steps,0,C=\dfrac{\varepsilon_0\varepsilon_r A}{a},C=\dfrac{\varepsilon_0\varepsilon_r A}{a},supported-structured,"define,operator,variable",False,False,False,False,cb91e8bf71de2276c7eba2558262cace617de7cd266372f451c9541b375ba9ba
el,C07,conversion,0,"1\,\mathrm{mm}=10^{-3}\,\mathrm{m}","1\,\mathrm{mm}=10^{-3}\,\mathrm{m}",supported-structured,"number,operator,relation,unit",False,False,False,False,0ee4d1e4db0a593835797535146237138f41fd486715077d5072758ca60de964
el,C08,main,0,U=\dfrac{Q}{C},U=\dfrac{Q}{C},supported-structured,"define,operator,variable",True,False,False,False,3a8435b17d2eda191c18a335efb28356426bf09fd0c5544560e2b53c6eabd344
el,C08,steps,0,Q=CU,Q=CU,supported-structured,"define,operator,variable",False,False,False,False,000c2b105dda2b06ef845a7d17ba0c05b53f9fe0aea6314b4dc59d905c08bbdb
el,C08,conversion,0,\mathrm{C}/\mathrm{F}=\mathrm{V},\mathrm{C}/\mathrm{F}=\mathrm{V},supported-structured,"operator,relation,unit",False,False,False,False,57a770831a0706daac16d0ace4a650fdf2d142d4ee18a82e5874fbaf2ddc9093
el,C09,main,0,Q=CU,Q=CU,supported-structured,"define,operator,variable",True,False,False,False,156650ad995b8da8a438b1d72e6034dcbb118f77e5fd1da0d386d8429d433786
el,C09,steps,0,C=\dfrac{Q}{U},C=\dfrac{Q}{U},supported-structured,"define,operator,variable",False,False,False,False,af1ed757a546978efb82dc060ca16f47e77e01cb92162f4f4be93eeb7c0f0383
el,C09,conversion,0,\mathrm{F}\cdot\mathrm{V}=\mathrm{C},\mathrm{F}\cdot\mathrm{V}=\mathrm{C},supported-structured,"operator,relation,unit",False,False,False,False,a2cdcfc49649364356dc7014c63065b12d3607688da4836314d84e18e5a9bbf2
el,C09,pitfall,0,q(t),q(t),supported-structured,"call,variable",False,False,False,False,8ae91fc8a9bbaa04e406cd8875c7e1fde80f74e8efea0d9bb4d0a5432f3ddd55
el,C09,pitfall,2,i=dq/dt,i=dq/dt,supported-structured,"derivative,relation,variable",False,False,False,False,127f98ba88c65b618751aa7bd72e6980aa72ecbc8b37a723533318fb66d0d381
el,C10,main,0,\varepsilon_r=\dfrac{Ca}{\varepsilon_0 A},\varepsilon_r=\dfrac{Ca}{\varepsilon_0 A},supported-structured,"define,operator,variable",True,False,False,False,7db88a88d474c8fed3414e8c30e3a3c81846dcdbd0a8c8e9e9a843308afaf9d7
el,C10,steps,0,\varepsilon=\varepsilon_0\varepsilon_r,\varepsilon=\varepsilon_0\varepsilon_r,supported-structured,"define,operator,variable",False,False,False,False,881c7966bc2766c240782e27f813b982a5a0b92cbcd74ec40f0a08d05eb82f4c
el,C10,conversion,0,"\varepsilon_r\,[1]","\varepsilon_r\,[1]",supported-structured,"number,operator,variable",False,False,False,False,1b47fe0946c31d0eca30d691013a447859cc7dca520eb5f02a64be176c1cefad
el,C11,main,0,C=(n-1)\dfrac{\varepsilon_0\varepsilon_r A}{a},C=(n-1)\dfrac{\varepsilon_0\varepsilon_r A}{a},supported-structured,"define,number,operator,parens,variable",True,False,False,False,58fba1a142236442ecb965e66c21d1e6a54b44c19404a27d400dd477b4dce01c
el,C11,steps,0,C_1=\dfrac{\varepsilon_0\varepsilon_r A}{a},C_1=\dfrac{\varepsilon_0\varepsilon_r A}{a},supported-structured,"define,operator,variable",False,False,False,False,750dd1b60b31525dd25f954394e27fa0916f79f1ec45c5ac2c47c52aca8a5b7b
el,C11,steps,1,C=(n-1)C_1,C=(n-1)C_1,supported-structured,"define,number,operator,parens,variable",False,False,False,False,f44c812ed753dd7677d40c844eef32e64ed669f989652cbeb43809bfce52e863
el,C11,conversion,0,"n\,[1]","n\,[1]",supported-structured,"number,operator,variable",False,False,False,False,53612fd12c3533c0eb5f76fbdec838a28ac6e8d80e4699f8cfe2c9c1071a2401
el,C11,conversion,1,"A\,[\mathrm{m}^2]","A\,[\mathrm{m}^2]",supported-structured,"number,operator,unit,variable",False,False,False,False,3935ad20b0932cd914b8b1a515b403a6935e05025c953efd74fba2fdb9cd190a
el,C11,conversion,2,"a\,[\mathrm{m}]","a\,[\mathrm{m}]",supported-structured,"operator,unit,variable",False,False,False,False,61d9ebe463e97086f0bf3cc318534271add3bda699eb93835aa3a2652d8b002c
el,C12,main,0,n=1+\dfrac{Ca}{\varepsilon_0\varepsilon_r A},n=1+\dfrac{Ca}{\varepsilon_0\varepsilon_r A},supported-structured,"define,number,operator,variable",True,False,False,False,68a985dce7e4fd5f56ba3b1ed9976e70750287efc5bcb182290fcfc158dfe9fc
el,C12,steps,0,n-1,n-1,supported-structured,"number,operator,variable",False,False,False,False,51b692e768072d67dd993027bc53ecb7dda179ea34f6207ad72ea8ccbaa40ae2
el,C12,conversion,0,"n\,[1]","n\,[1]",supported-structured,"number,operator,variable",False,False,False,False,67472ee70c4929af0e52cbf0f394c408c7c2c9371d609fa22ec0cef96670f1fd
el,C13,main,0,q(t)=q_0+It,q(t)=q_0+It,supported-structured,"define,function,operator,variable",True,False,False,False,e9c2683dc1e2ce8079a853b880e3351ad3fba174b032cad6d17e96c1f3c05e54
el,C13,steps,0,i=\dfrac{dq}{dt}=I,i=\dfrac{dq}{dt}=I,supported-structured,"define,derivative,variable",False,False,False,False,d9fd5e575a4adf21f449a5b601995996439df2d229e6de53b1f16483fd8e58dc
el,C13,conversion,0,\mathrm{A}\cdot\mathrm{s}=\mathrm{C},\mathrm{A}\cdot\mathrm{s}=\mathrm{C},supported-structured,"operator,relation,unit",False,False,False,False,58aee41e0c090641952c67b11b66abd4a8699690658ff0373927fac531a2d892
el,C14,main,0,u_C(t)=u_0+\dfrac{I}{C}t,u_C(t)=u_0+\dfrac{I}{C}t,supported-structured,"define,function,operator,variable",True,False,False,False,dd4f9de4ef852e7b50e467c22cd512165f5ab7794afaebb1c0a60eafb779507e
el,C14,steps,0,q_0=Cu_0,q_0=Cu_0,supported-structured,"define,operator,variable",False,False,False,False,2743aeff160f05fef49ea2e50a1f060c8b6fff027f3581b154c5d97f3ce36af1
el,C14,steps,1,q(t)=q_0+It,q(t)=q_0+It,supported-structured,"define,function,operator,variable",False,False,False,False,ad8a1cc16ad702134ac255a0e8b14e0fb0a1affe782ace4c14666eeeba535263
el,C14,conversion,0,\mathrm{A}\cdot\mathrm{s}/\mathrm{F}=\mathrm{V},\mathrm{A}\cdot\mathrm{s}/\mathrm{F}=\mathrm{V},supported-structured,"operator,relation,unit",False,False,False,False,4d7796af48bc30e7d62588aa7068e9586e13d0e012b865b1edd364e08fff6042
el,C14,pitfall,1,u_C=It/C,u_C=It/C,supported-structured,"operator,relation,variable",False,False,False,False,879c585846939694a091e1f69257c9efeb243dcad71f17b0f949cf28dd04d79e
el,C14,pitfall,3,u_0=0,u_0=0,supported-structured,"number,relation,variable",False,False,False,False,6ea67ab5d81910338800657a1ed8e2c7df06645d5ca3c9eba84546cf58f3a507
el,C15,main,0,t=\dfrac{C(u_m-u_0)}{I},t=\dfrac{C(u_m-u_0)}{I},supported-structured,"define,operator,parens,variable",True,False,False,False,743891a9d8a4d85e521f54ff540337286a0071e473219ecf0e4cf5af469c3f37
el,C15,steps,0,u_m=u_0+\dfrac{I}{C}t,u_m=u_0+\dfrac{I}{C}t,supported-structured,"define,operator,variable",False,False,False,False,9724a250fc87f30f8a798266a72585a541cc849a2b2ea15b85555e358a78e61b
el,C15,conversion,0,\mathrm{F}\cdot\mathrm{V}/\mathrm{A}=\mathrm{s},\mathrm{F}\cdot\mathrm{V}/\mathrm{A}=\mathrm{s},supported-structured,"operator,relation,unit",False,False,False,False,79276c227d803dcdc6d8e5b3ac7f241cda53d2e48b650302d1a8aa9b07b6a62f
el,C16,main,0,q(t)=q_0-I_a t,q(t)=q_0-I_a t,supported-structured,"define,function,operator,variable",True,False,False,False,fa78b17dae58929420e4464e1713c027bb6bbadf67c98dbfc048406146df6212
el,C16,steps,0,i_{\mathrm{ud}}=I_a,i_{\mathrm{ud}}=I_a,supported-structured,"define,variable",False,False,False,False,30b4befa7a883c5d5f9e4f3de6c716db4176482e9766b4b55d11beb7dd315d9e
el,C16,steps,1,q_0=Cu_0,q_0=Cu_0,supported-structured,"define,operator,variable",False,False,False,False,e0d5d536eb13d260541eafd340ee3d929c9395ebfd81add585b72632502a58e2
el,C16,conversion,0,\mathrm{A}\cdot\mathrm{s}=\mathrm{C},\mathrm{A}\cdot\mathrm{s}=\mathrm{C},supported-structured,"operator,relation,unit",False,False,False,False,ae6bb91890d3e6735cdfdd1f8f677c3a0615b1409c50f99b6f56c1d073a992f9
el,C17,main,0,u_C(t)=u_0-\dfrac{I_a}{C}t,u_C(t)=u_0-\dfrac{I_a}{C}t,supported-structured,"define,function,operator,variable",True,False,False,False,c31efebe05c078bc2c96d8de35072b6962965d366c2692be88377a833b41a740
el,C17,steps,0,q(t)=q_0-I_a t,q(t)=q_0-I_a t,supported-structured,"define,function,operator,variable",False,False,False,False,5ca372b1666a16caecacf4cba53622e44556ee9e831257f3d45fbb672551b8cb
el,C17,steps,1,u_0=q_0/C,u_0=q_0/C,supported-structured,"define,operator,variable",False,False,False,False,500e06dfefcee4bc747d9d659261bad83e95c01862929732e55095e0fbed7cc9
el,C17,conversion,0,\mathrm{A}\cdot\mathrm{s}/\mathrm{F}=\mathrm{V},\mathrm{A}\cdot\mathrm{s}/\mathrm{F}=\mathrm{V},supported-structured,"operator,relation,unit",False,False,False,False,f5a2680d26bb61668f3fbf2d63bd4d87f4f611f7c46dc226f55571d986e5324e
el,C17,pitfall,1,u_C=0,u_C=0,supported-structured,"number,relation,variable",False,False,False,False,c864ea08d894dec605d8092a740c502591bdb5e881cb3622a2f1811b81754dff
el,C18,main,0,t=\dfrac{C(u_0-u_m)}{I_a},t=\dfrac{C(u_0-u_m)}{I_a},supported-structured,"define,operator,parens,variable",True,False,False,False,a5d85406cb9621aacca5b4ef35cbda0d4907b4a70b01a62994868abbee376404
el,C18,steps,0,u_m=u_0-\dfrac{I_a}{C}t,u_m=u_0-\dfrac{I_a}{C}t,supported-structured,"define,operator,variable",False,False,False,False,054e590efcc7b0d309e2778974f831941c9e5acceef538e60bd68b60b5584f7e
el,C18,conversion,0,\mathrm{F}\cdot\mathrm{V}/\mathrm{A}=\mathrm{s},\mathrm{F}\cdot\mathrm{V}/\mathrm{A}=\mathrm{s},supported-structured,"operator,relation,unit",False,False,False,False,222e2d91bc205730dc091fab7e4164b9105cc2ec1b7a1b8a3deef3bd5f22631e
el,C18,pitfall,1,t=Cu_0/I_a,t=Cu_0/I_a,supported-structured,"operator,relation,variable",False,False,False,False,d83bb498d0b8d37a801f028784e30f66861f4b378140708205df1660cb8c29fb
el,C19,main,0,\tau=RC,\tau=RC,supported-structured,"define,operator,variable",True,False,False,False,a0981a1353485efd0097d068e745f359bb09a44f01c149c791ff6b81f2a1da9f
el,C19,steps,0,t=\tau,t=\tau,supported-structured,"define,variable",False,False,False,False,4dfeaeeaaaf95b89963370858d989fd6df01590937f3bd02b8abf36e281bc278
el,C19,steps,2,"e^{-1}\approx0{,}3679","e^{-1}\approx0{,}3679",supported-structured,"constant,number,operator,relation",False,False,False,False,0fa8c475c6225caca209e70a56129c4bccc18d79905be867220425d8a115f5ad
el,C19,conversion,0,\Omega\cdot\mathrm{F}=\mathrm{s},\Omega\cdot\mathrm{F}=\mathrm{s},supported-structured,"operator,relation,unit",False,False,False,False,93de5007facb1507f123e82bb8085a24702f5d3139e6bc0c045d8872b3e6dd44
el,C19,pitfall,1,5\tau,5\tau,supported-structured,"number,operator,variable",False,False,False,False,c1ada5830e32cb3cefc4b7d58ccb126a39df3bb0c52621a943a1cf6017d6f4fb
el,C19,pitfall,3,"e^{-5}\approx0{,}0067","e^{-5}\approx0{,}0067",supported-structured,"constant,eval,number,operator,override,placeholder",False,False,False,False,fe02d82f968ca33bb0dc5cf7c8925497d7f571178245f3e0fb0ef752f2d1350b
el,C19,example,1,"C=100\cdot10^{-6}\,\mathrm{F}=0{,}0001\,\mathrm{F}","C=100\cdot10^{-6}\,\mathrm{F}=0{,}0001\,\mathrm{F}",supported-structured,"define,number,operator,unit,variable",False,False,True,False,cf4c85829e8962c4261cda14b07c53271c959263a52bc086e00e22c12312a4e5
el,C19,example,3,"\tau=220\cdot0{,}0001=0{,}022\,\mathrm{s}=22\,\mathrm{ms}","\tau=220\cdot0{,}0001=0{,}022\,\mathrm{s}=22\,\mathrm{ms}",supported-structured,"define,number,operator,unit,variable",False,False,True,False,2a3472c84adae5e42cfd5ef167d6a9533c180c9f6650b8619d9ca0cc5fddfad7
el,C20,main,0,u_C(t)=U_s+(u_0-U_s)e^{-t/(RC)},u_C(t)=U_s+(u_0-U_s)e^{-t/(RC)},supported-structured,"constant,define,function,operator,parens,variable",True,True,False,False,2f9f0455b824abd626b4dfe11efe48b867f9c527f74ffcc08c3bfcd2274ffc8d
el,C20,steps,0,u_0=0,u_0=0,supported-structured,"define,number,variable",False,False,False,False,f45c75d171a2157a132ad48bc0c5186fd0e0e1058ee6bc33f9a49235a7533e97
el,C20,steps,2,u_C=U_s(1-e^{-t/(RC)}),u_C=U_s(1-e^{-t/(RC)}),supported-structured,"constant,define,number,operator,parens,variable",False,False,False,False,9093fbb3711937a4e183f25571d05c6d8912070ca9a0e63ebe5769000778ef94
el,C20,conversion,0,"RC\,[\mathrm{s}]","RC\,[\mathrm{s}]",supported-structured,"operator,unit,variable",False,False,False,False,a90ea06574f2fcdf31daa389a972dae92eabfbc02c926034b9154d47bedb2196
el,C20,conversion,1,"t/(RC)\,[1]","t/(RC)\,[1]",supported-structured,"number,operator,parens,variable",False,False,False,False,ca0e42b265dbf7d47ffdc90f5a3d44529bb067e8b5ba90bdfd872591e8edf077
el,C20,example,1,"RC=220\cdot0{,}0001=0{,}022\,\mathrm{s}","RC=220\cdot0{,}0001=0{,}022\,\mathrm{s}",supported-structured,"eval,number,operator,override,unit",False,False,True,False,41cf7d436e30d363e8c6acbd122a7a4024c201091b42c3d6d1f995a9270080a4
el,C20,example,3,"u_C=440(1-e^{-1})\approx278{,}13\,\mathrm{V}","u_C=440(1-e^{-1})\approx278{,}13\,\mathrm{V}",supported-structured,"constant,define,number,operator,parens,unit,variable",False,False,True,False,7775bf19c0deb1ae546472548bbec19d69a384944736d0daa0fba9c418cdad21
el,C21,main,0,i(t)=\dfrac{U_s-u_0}{R}e^{-t/(RC)},i(t)=\dfrac{U_s-u_0}{R}e^{-t/(RC)},supported-structured,"constant,define,function,operator,parens,variable",True,False,False,False,f9bcb455e28bd247f83ff372e8236540b9c856b5b9be619c8358c9867df9bd72
el,C21,steps,0,i(0)=\dfrac{U_s-u_0}{R},i(0)=\dfrac{U_s-u_0}{R},supported-structured,"call,number,operator,relation,unit,variable",False,False,False,False,28c4f23abcbd2b81a67670a1a6d3d3a3d355e05224355548f1cdb253594131f4
el,C21,steps,1,i=\dfrac{dq}{dt},i=\dfrac{dq}{dt},supported-structured,"define,derivative,variable",False,False,False,False,e6b78afe416c16241d47471d9a5e52c06c815d7708eedd577d79c404cb36aef5
el,C21,conversion,0,\mathrm{V}/\Omega=\mathrm{A},\mathrm{V}/\Omega=\mathrm{A},supported-structured,"operator,relation,unit",False,False,False,False,fa96c7a362726d773d81cfc3b430f905b5d84b6a0d3c60f50fa25a0dcfceee73
el,C21,pitfall,0,U_s>u_0,U_s>u_0,supported-structured,"relation,variable",False,False,False,False,3dda5ad26841afbf045761cfbe3507bcfab3d79745326e17a8aea4d18c15833a
el,C21,example,1,"i(0)=\dfrac{440-0}{220}=2\,\mathrm{A}","i(0)=\dfrac{440-0}{220}=2\,\mathrm{A}",supported-structured,"eval,number,operator,override,unit",False,False,True,False,e623e386a559432a3f1c49d0a3fa68d3c4b1a20f5d03290d48d477f374632256
el,C21,example,3,"\tau=220\cdot100\cdot10^{-6}=0{,}022\,\mathrm{s}","\tau=220\cdot100\cdot10^{-6}=0{,}022\,\mathrm{s}",supported-structured,"define,number,operator,unit,variable",False,False,True,False,480b4c8b01e357934eec6d41cf0a075619f793b7f4f05dbfdbf653a66293cb5e
el,C21,example,5,"i(0{,}022)=2e^{-0{,}022/0{,}022}\approx0{,}736\,\mathrm{A}","i(0{,}022)=2e^{-0{,}022/0{,}022}\approx0{,}736\,\mathrm{A}",supported-structured,"constant,eval,number,operator,override,unit",False,False,True,False,44c9b6291983511c550ea6df99a134f701f65ac886c1474d2e09b959c83e5a85
el,C21,explanation,1,i(0)=\dfrac{U_s-u_0}{R},i(0)=\dfrac{U_s-u_0}{R},supported-structured,"call,number,operator,relation,unit,variable",False,False,False,False,dab8d83db9af2e2e34aca9b981837c2f52ba34a085104e54ed6ddc0917221018
el,C21,explanation,3,i(t)=i(0)e^{-t/(RC)},i(t)=i(0)e^{-t/(RC)},supported-structured,"call,constant,number,operator,parens,relation,unit,variable",False,False,False,False,0b854a675beb8b0215ed14c31f80ed9f5996e5876341534f721d3341493fd763
el,C21,explanation,5,\tau=RC,\tau=RC,supported-structured,"operator,relation,variable",False,False,False,False,29cd188728f7b668d6ff527b5e6ddba945c7880a3fffa9332b0c40ec88ee7cfc
el,C22,main,0,t=-RC\ln\!\left(\dfrac{U_s-u_m}{U_s-u_0}\right),t=-RC\ln\!\left(\dfrac{U_s-u_m}{U_s-u_0}\right),supported-structured,"call,define,operator,parens,variable",True,False,False,False,5448efa7979e5078ccc2c40b745d40e80b5dceb2d6ef1b2efffcabc63f744342
el,C22,steps,0,\dfrac{U_s-u_m}{U_s-u_0}=e^{-t/(RC)},\dfrac{U_s-u_m}{U_s-u_0}=e^{-t/(RC)},supported-structured,"constant,operator,parens,relation,variable",False,False,False,False,96da9c0f7295315eb280a76d4899a0ff8bb8a186699f056fea59a566f5bae69b
el,C22,conversion,0,"\ln(\mathrm{forhold})\,[1]","\ln(\mathrm{forhold})\,[1]",supported-structured,"call,number,operator,parens,variable",False,False,False,False,2e75d2cc9b3478a93d5360aaca5b34a7b2976555dc06f99549e234a61877f2a3
el,C22,pitfall,1,u_m=U_s,u_m=U_s,supported-structured,"relation,variable",False,False,False,False,f464fb4b86bcec53f6f6c519a7b346a87fe5c984fd7b1decf654ed5f872a3afa
el,C23,main,0,R=\dfrac{-t}{C\ln((U_s-u_m)/(U_s-u_0))},R=\dfrac{-t}{C\ln((U_s-u_m)/(U_s-u_0))},supported-structured,"call,define,operator,parens,variable",True,False,False,False,ee050460eae4b2ad83287feb62e311a654b848bf92b3e2db5e631b4e608dc712
el,C23,steps,0,t=-RC\ln((U_s-u_m)/(U_s-u_0)),t=-RC\ln((U_s-u_m)/(U_s-u_0)),supported-structured,"call,define,operator,parens,variable",False,False,False,False,876bbb4be1fe3185d43a757723f690b6891116c06e879f7981dfa8626fd5a57c
el,C23,conversion,0,\mathrm{s}/\mathrm{F}=\Omega,\mathrm{s}/\mathrm{F}=\Omega,supported-structured,"operator,relation,unit",False,False,False,False,5f86a382e683c236663d22aaf37b9a79fbf8931443a73610cba7ffc4720b15bf
el,C24,main,0,C=\dfrac{-t}{R\ln((U_s-u_m)/(U_s-u_0))},C=\dfrac{-t}{R\ln((U_s-u_m)/(U_s-u_0))},supported-structured,"call,define,operator,parens,variable",True,False,False,False,4d40031a323a1601411d64a2c3c66240eb5a2109364c96398a39f81c50338992
el,C24,steps,0,t=-RC\ln((U_s-u_m)/(U_s-u_0)),t=-RC\ln((U_s-u_m)/(U_s-u_0)),supported-structured,"call,define,operator,parens,variable",False,False,False,False,378e3921f479f8babe271a120cb53fcb129db2a08d14c9a4b3a1b450e2049728
el,C24,conversion,0,\mathrm{s}/\Omega=\mathrm{F},\mathrm{s}/\Omega=\mathrm{F},supported-structured,"operator,relation,unit",False,False,False,False,ac5088fc03383a02d1944826d8a52d29e49e4b3b9a3c7e41ded67ec4aa3c7ac4
el,C25,main,0,u_C(t)=u_0e^{-t/(RC)},u_C(t)=u_0e^{-t/(RC)},supported-structured,"constant,define,function,operator,parens,variable",True,False,False,False,986833202a3e8c19a71ac9710626ec1d458fa9af3fcf2100dc63de39bf2ae563
el,C25,steps,0,u_C(0)=u_0,u_C(0)=u_0,supported-structured,"call,number,operator,relation,unit,variable",False,False,False,False,7fb9e739a13cc01ef0c7fdb536e6f5bff6e18b39660d2a4fd5ec31ea189c5b08
el,C25,steps,1,u_C(\tau)=u_0/e,u_C(\tau)=u_0/e,supported-structured,"call,operator,relation,variable",False,False,False,False,0e65fa291cee439d3e6f4c1b23397406775ec8e9ae1ea91716a6388ee1832517
el,C25,steps,2,u_C(5\tau)=u_0e^{-5},u_C(5\tau)=u_0e^{-5},supported-structured,"call,constant,number,operator,relation,variable",False,False,False,False,559b537171e666077f0e50c5928f561d90ff6a776ef0ffb0e1f1d9d890ab2a4c
el,C25,conversion,0,"RC\,[\mathrm{s}]","RC\,[\mathrm{s}]",supported-structured,"operator,unit,variable",False,False,False,False,c1eb91e503b40be9e43937785770fe8883554bac1e680cb11b8a49f8490e607a
el,C25,conversion,1,"t/(RC)\,[1]","t/(RC)\,[1]",supported-structured,"number,operator,parens,variable",False,False,False,False,6f24c369cc22e929f0b55cacd7add70d593424ab106fa40a27408cd7962fc20a
el,C25,example,0,"u_C(10\,\mathrm{s})=623\,\mathrm{V}\,e^{-10/12}\approx270{,}75\,\mathrm{V}","u_C(10\,\mathrm{s})=623\,\mathrm{V}\,e^{-10/12}\approx270{,}75\,\mathrm{V}",supported-structured,"constant,eval,number,operator,override,unit",False,False,True,False,0c339f5f3089256485aab0041f7900610b496bfa0cce589c36a7435e21b6199f
el,C26,main,0,i_{\mathrm{ud}}(t)=\dfrac{u_0}{R}e^{-t/(RC)},i_{\mathrm{ud}}(t)=\dfrac{u_0}{R}e^{-t/(RC)},supported-structured,"constant,define,function,operator,parens,variable",True,False,False,False,02fc2ae81a3e816bf05704ab27016b19f22373e9a68462507049a9d8b17e74ff
el,C26,steps,0,i_{\mathrm{ud}}(0)=u_0/R,i_{\mathrm{ud}}(0)=u_0/R,supported-structured,"call,number,operator,relation,unit,variable",False,False,False,False,d72520703b3418a2f26ec4e9b6da7e0b27fce247b6303c7e65203bff4b4ff879
el,C26,steps,1,dq/dt=-i_{\mathrm{ud}},dq/dt=-i_{\mathrm{ud}},supported-structured,"derivative,operator,relation,variable",False,False,False,False,06bdfb7676110f1f0cdf15eb7cdc1858b234af91d1a553de2de89d163a7fb056
el,C26,conversion,0,\mathrm{V}/\Omega=\mathrm{A},\mathrm{V}/\Omega=\mathrm{A},supported-structured,"operator,relation,unit",False,False,False,False,74816920e63a46531240b6c3ecf981dcc115b91d5340510784a3a11ae83b7c92
el,C26,example,1,"i_{\mathrm{ud}}(0)=\dfrac{440}{220}=2\,\mathrm{A}","i_{\mathrm{ud}}(0)=\dfrac{440}{220}=2\,\mathrm{A}",supported-structured,"eval,number,operator,override,unit",False,False,True,False,57a93dfdadaf0036fab5b6ba59af909232b7e866f911092a34e086b23818c8db
el,C26,example,3,"i_{\mathrm{ud}}(0{,}022)=2e^{-1}\approx0{,}736\,\mathrm{A}","i_{\mathrm{ud}}(0{,}022)=2e^{-1}\approx0{,}736\,\mathrm{A}",supported-structured,"constant,eval,number,operator,override,unit",False,False,True,False,5d58b983e3ff46e0a4409e526b707af6b97915ab00f3d431e56fcfd70e67ebd7
el,C26,explanation,1,i_{\mathrm{ud}}(0)=\dfrac{u_0}{R},i_{\mathrm{ud}}(0)=\dfrac{u_0}{R},supported-structured,"call,number,operator,relation,unit,variable",False,False,False,False,f69cade7ede44e2361903f395330a2bc6ee64fb8f8597da3b46b8b5134471235
el,C26,explanation,3,i_{\mathrm{ud}}(t)=i_{\mathrm{ud}}(0)e^{-t/(RC)},i_{\mathrm{ud}}(t)=i_{\mathrm{ud}}(0)e^{-t/(RC)},supported-structured,"call,constant,number,operator,parens,relation,unit,variable",False,False,False,False,a69bec14bb84522c288992a93fab69fcdb808fc7d905dc50006efd7f30950f24
el,C27,main,0,t=-RC\ln\!\left(\dfrac{u_m}{u_0}\right),t=-RC\ln\!\left(\dfrac{u_m}{u_0}\right),supported-structured,"call,define,operator,parens,variable",True,False,False,False,5ebe11ef9d36a363cc1473bba96690f3efd07956b7feff621063a7516d4074bd
el,C27,steps,0,u_m=u_0e^{-t/(RC)},u_m=u_0e^{-t/(RC)},supported-structured,"constant,define,operator,parens,variable",False,False,False,False,625fb636285b42ac5da07984c4c170cd9116ab786b6254e89e6129109a21aee4
el,C27,conversion,0,"\ln(u_m/u_0)\,[1]","\ln(u_m/u_0)\,[1]",supported-structured,"call,number,operator,parens,variable",False,False,False,False,1273e6179002c2a476ea768bbdc9d5d160492b79fcb1c869a8fc3f9b9164fa1e
el,C27,example,0,"t=-12\,\mathrm{s}\,\ln(50/623)\approx30{,}27\,\mathrm{s}","t=-12\,\mathrm{s}\,\ln(50/623)\approx30{,}27\,\mathrm{s}",supported-structured,"call,define,number,operator,parens,unit,variable",False,False,True,False,1f8d041a9788c4c996e7a5b00854eefd84c9bf43b206793e67d30697f052fa64
el,C28,main,0,R=\dfrac{-t}{C\ln(u_m/u_0)},R=\dfrac{-t}{C\ln(u_m/u_0)},supported-structured,"call,define,operator,parens,variable",True,False,False,False,ed095f098a1c8d1720c196295e17eb987da8da61a34395e85cbd02968b2e9a69
el,C28,steps,0,t=-RC\ln(u_m/u_0),t=-RC\ln(u_m/u_0),supported-structured,"call,define,operator,parens,variable",False,False,False,False,f3f9a8fb68fd50546e8a4d625592473248d7533d1aa85418545aa6bbb6d982af
el,C28,conversion,0,\mathrm{s}/\mathrm{F}=\Omega,\mathrm{s}/\mathrm{F}=\Omega,supported-structured,"operator,relation,unit",False,False,False,False,14fa7c2b551b7dd92c02ece6a7f94bdc9070e948e768635eeccc4b7e13320f20
el,C28,example,0,"R=\dfrac{-35\,\mathrm{s}}{12\,\mu\mathrm{F}\,\ln(50/623)}\approx1{,}16\,\mathrm{M}\Omega","R=\dfrac{-35\,\mathrm{s}}{12\,\mu\mathrm{F}\,\ln(50/623)}\approx1{,}16\,\mathrm{M}\Omega",supported-structured,"call,define,number,operator,parens,unit,variable",False,False,True,False,577ee497317102ac015437728b50840daffb9e6ed70e6aa72a059e0e10c678a8
el,C29,main,0,C=\dfrac{-t}{R\ln(u_m/u_0)},C=\dfrac{-t}{R\ln(u_m/u_0)},supported-structured,"call,define,operator,parens,variable",True,False,False,False,d2a9281d11e74590641b95aa1ad9e6ad00f40a00f8b636cb9adda978765f4cf5
el,C29,steps,0,t=-RC\ln(u_m/u_0),t=-RC\ln(u_m/u_0),supported-structured,"call,define,operator,parens,variable",False,False,False,False,29bcbbc1fd8e0eccbf33d743d37fc8dfb56bd34aef32bf668f22c79ec28a58ab
el,C29,conversion,0,\mathrm{s}/\Omega=\mathrm{F},\mathrm{s}/\Omega=\mathrm{F},supported-structured,"operator,relation,unit",False,False,False,False,fe4ca175ee51fffb1fed056f4c4b1b343d4f4b90c71f53f4f61f278823be73bc
el,C30,main,0,W=\dfrac{1}{2}Cu_C^2,W=\dfrac{1}{2}Cu_C^2,supported-structured,"define,number,operator,variable",True,False,False,False,b401ef8b9e01f2e20e7f286af5f09e7f9fa82c2d49984d273381b99f72869ac4
el,C30,steps,0,"W=\int_0^Q u\,dq","W=\int_0^Q u\,dq",supported-structured,"define,integral,number,operator,placeholder,variable",False,False,False,False,bf201d729fcba68065e0eb2dfbcdb0cc0483a03c12542d5423361b4a691cb441
el,C30,steps,1,u=q/C,u=q/C,supported-structured,"define,operator,variable",False,False,False,False,2defa8b30d83d3f5aff5396cb5d8570e9f10eb53ca929e5dba4510078265b7dd
el,C30,conversion,0,\mathrm{F}\cdot\mathrm{V}^2=\mathrm{J},\mathrm{F}\cdot\mathrm{V}^2=\mathrm{J},supported-structured,"number,operator,relation,unit",False,False,False,False,165c4ebe691249d14cd43202a269cd2542ef50ebdacd086e54895f4c87de98a4
el,C31,main,0,W=\dfrac{1}{2}Qu_C,W=\dfrac{1}{2}Qu_C,supported-structured,"define,number,operator,variable",True,False,False,False,42b8c151b2989fdbe58558cbcaba2f8cdd2775b885cf45aa7819e200632f7769
el,C31,steps,0,Q=Cu_C,Q=Cu_C,supported-structured,"define,operator,variable",False,False,False,False,775b947fc167bcd24ae9011e990c2c960e530ec8ef62534b806d53f7a6b64786
el,C31,steps,1,W=\dfrac{1}{2} Cu_C^2,W=\dfrac{1}{2} Cu_C^2,supported-structured,"define,number,operator,variable",False,False,False,False,1b640c7837fbe4d58b8cc51609707d26449ff31a46d347c8dbd8e8113b7b3e8c
el,C31,conversion,0,\mathrm{C}\cdot\mathrm{V}=\mathrm{J},\mathrm{C}\cdot\mathrm{V}=\mathrm{J},supported-structured,"operator,relation,unit",False,False,False,False,604c4b318c9c06e6fa42349b8d9da52dc860b53deaf32ca09e5511de9c7dccae
el,C32,main,0,W=\dfrac{Q^2}{2C},W=\dfrac{Q^2}{2C},supported-structured,"define,number,operator,variable",True,False,False,False,be3cfc7734fd8ad10f50de6073efd4d8722bf79f7ecef95176e32333fc934db4
el,C32,steps,0,u_C=Q/C,u_C=Q/C,supported-structured,"define,operator,variable",False,False,False,False,21a932fa48634dc2c57d270ef4672d95ff7664769eea982a9732e0e910587f35
el,C32,steps,1,W=\dfrac{1}{2} Qu_C,W=\dfrac{1}{2} Qu_C,supported-structured,"define,number,operator,variable",False,False,False,False,62d1e610674e71f8cd7be321feef0d57343b7010e27d0cb714c31e98b6645685
el,C32,conversion,0,\mathrm{C}^2/\mathrm{F}=\mathrm{J},\mathrm{C}^2/\mathrm{F}=\mathrm{J},supported-structured,"number,operator,relation,unit",False,False,False,False,b4f3285890ab860c6e4b2ce1ce93b43775cda315da83c5f7f807cc4435a96508
el,C33,main,0,C=\dfrac{2W}{u_C^2},C=\dfrac{2W}{u_C^2},supported-structured,"define,number,operator,variable",True,False,False,False,0d5b1e0d2c7928b3882dcf0b26d3299b3b8dd028b5c5b5743a72171ff5b26b34
el,C33,steps,0,W=\dfrac{1}{2} Cu_C^2,W=\dfrac{1}{2} Cu_C^2,supported-structured,"define,number,operator,variable",False,False,False,False,d0deefb558e2d0576010e2a102c0284b4b6ac18e6533203cfc22efb946b7b425
el,C33,conversion,0,\mathrm{J}/\mathrm{V}^2=\mathrm{F},\mathrm{J}/\mathrm{V}^2=\mathrm{F},supported-structured,"number,operator,relation,unit",False,False,False,False,ecace5fb6e495de7ccaf69bdfcb0e24c4254bce3f81e1c4f8f6c805842321ffb
el,C33,pitfall,1,W=0,W=0,supported-structured,"number,relation,variable",False,False,False,False,2ddc222df496966f8c03902d411be78a634922dc5be33406a70d334e655e1bb8
el,C34,main,0,u_C=\sqrt{\dfrac{2W}{C}},u_C=\sqrt{\dfrac{2W}{C}},supported-structured,"define,number,operator,placeholder,variable",True,False,False,False,79952bd0436251b812b8ef3803da51bb86e89510e4090348e2bc291a83f8b44a
el,C34,steps,0,W=\dfrac{1}{2} Cu_C^2,W=\dfrac{1}{2} Cu_C^2,supported-structured,"define,number,operator,variable",False,False,False,False,231884ba7b9a1022169f70986addba8834d6aefe4e28f8a65a942b9cf7fb49f5
el,C34,conversion,0,\sqrt{\mathrm{J}/\mathrm{F}}=\mathrm{V},\sqrt{\mathrm{J}/\mathrm{F}}=\mathrm{V},supported-structured,"operator,placeholder,relation,unit",False,False,False,False,309e034b88764b925fde9a106bccf3a3e332d7115b8a78dfe6905e57713b7c12
el,C35,main,0,D=\varepsilon E,D=\varepsilon E,supported-structured,"define,operator,variable",True,False,False,False,b10b747e0761735a85659cbc3d994727380f391dbc470a22fa0b99ec1a946047
el,C35,steps,0,E=D/\varepsilon,E=D/\varepsilon,supported-structured,"define,operator,variable",False,False,False,False,dab3f4a8c34cfceeb09d473e8536f1e7b45a67a39ad106065c32417b9ab95c0e
el,C35,steps,1,\varepsilon=\varepsilon_0\varepsilon_r,\varepsilon=\varepsilon_0\varepsilon_r,supported-structured,"define,operator,variable",False,False,False,False,685eab4cdb83c4b34798cf48ba1f9e98a99bdfc18c54d6e16ff284bfade5a466
el,C35,conversion,0,(\mathrm{F}/\mathrm{m})(\mathrm{V}/\mathrm{m})=\mathrm{C}/\mathrm{m}^2,(\mathrm{F}/\mathrm{m})(\mathrm{V}/\mathrm{m})=\mathrm{C}/\mathrm{m}^2,supported-structured,"number,operator,parens,relation,unit",False,False,False,False,95f44fb0727ac7a52325efab701ea48015e1c4264660471cd45310f3fb5d0064
el,C36,main,0,U=Ea,U=Ea,supported-structured,"define,operator,variable",True,False,False,False,55a711fee60eea97c68849d1bb86d375eeea3e310a5b98f03bb2d95e8f89024e
el,C36,steps,0,E=U/a,E=U/a,supported-structured,"define,operator,variable",False,False,False,False,2623dad1a11377b7d7565e0d207f1fdfb4d90d360e5d1fccfed66e86125b3203
el,C36,conversion,0,(\mathrm{V}/\mathrm{m})\cdot\mathrm{m}=\mathrm{V},(\mathrm{V}/\mathrm{m})\cdot\mathrm{m}=\mathrm{V},supported-structured,"operator,parens,relation,unit",False,False,False,False,5f4d5809e90016eee192ce4bd1e319e90fd2864ff62c5be322234b3838ccb107
el,C37,main,0,a=\dfrac{U}{E},a=\dfrac{U}{E},supported-structured,"define,operator,variable",True,False,False,False,3c1f0b4c110f41978a352b134ee21cfe9e42953d385037a46aa75ee5e262c6be
el,C37,steps,0,E=U/a,E=U/a,supported-structured,"define,operator,variable",False,False,False,False,b5674d287023caf00240b2f7112607b3c39450a4bffac4b4cb294f3ff25c5875
el,C37,conversion,0,\mathrm{V}/(\mathrm{V}/\mathrm{m})=\mathrm{m},\mathrm{V}/(\mathrm{V}/\mathrm{m})=\mathrm{m},supported-structured,"operator,parens,relation,unit",False,False,False,False,61a59b3b79a2d395bd33ec30f64598aa17454071c8bbdb3714faa4957ff90122
el,C38,main,0,Q=\varepsilon EA,Q=\varepsilon EA,supported-structured,"define,operator,variable",True,False,False,False,03ae0006537abcaee9d5be1fdf8db34d20ca27d415bf62afb941047440112f21
el,C38,steps,0,D=\varepsilon E,D=\varepsilon E,supported-structured,"define,operator,variable",False,False,False,False,d4db4fe6751e3b42902eb6e053e091384e9950424c0175e355de8d679062ff7d
el,C38,steps,1,Q=DA,Q=DA,supported-structured,"define,operator,variable",False,False,False,False,6e1bef6d1263dccb90c40511ec9182343355fb217bf989572633cfd2944ce6db
el,C38,conversion,0,(\mathrm{F}/\mathrm{m})(\mathrm{V}/\mathrm{m})\mathrm{m}^2=\mathrm{C},(\mathrm{F}/\mathrm{m})(\mathrm{V}/\mathrm{m})\mathrm{m}^2=\mathrm{C},supported-structured,"number,operator,parens,relation,unit",False,False,False,False,ab3e79951534bb5bb0fcd79e92aff758cb636c8822bb94fe79e05989bccf0f69
el,C39,main,0,A=\dfrac{Ca}{(n-1)\varepsilon_0\varepsilon_r},A=\dfrac{Ca}{(n-1)\varepsilon_0\varepsilon_r},supported-structured,"define,number,operator,parens,variable",True,False,False,False,765bcf9d819fd2e7bdd5f1768226f994037300bd96479c9d537a49e081a35f96
el,C39,steps,0,C=(n-1)\varepsilon_0\varepsilon_r A/a,C=(n-1)\varepsilon_0\varepsilon_r A/a,supported-structured,"define,number,operator,parens,variable",False,False,False,False,0ea74b03337a14ee36029a86a712e719f347a3b8eb92890ecaf6bf935aa0e864
el,C39,conversion,0,"A\,[\mathrm{m}^2]","A\,[\mathrm{m}^2]",supported-structured,"number,operator,unit,variable",False,False,False,False,e3a50e21cdc7d66788d4e0d53437d2e2defb95f32023ec2015237b522c72740a
el,C40,main,0,a=\dfrac{(n-1)\varepsilon_0\varepsilon_r A}{C},a=\dfrac{(n-1)\varepsilon_0\varepsilon_r A}{C},supported-structured,"define,number,operator,parens,variable",True,False,False,False,4fd55bbb6e7aa8e86ccb6e6c0aa2e294ebd15465bed79a3dbf6e1dd62237cf1f
el,C40,steps,0,C=(n-1)\varepsilon_0\varepsilon_r A/a,C=(n-1)\varepsilon_0\varepsilon_r A/a,supported-structured,"define,number,operator,parens,variable",False,False,False,False,a0c14358ae41eb77ed04ea133014ab70c00b0fb14a00b4f6c72a79b7a707a479
el,C40,conversion,0,"a\,[\mathrm{m}]","a\,[\mathrm{m}]",supported-structured,"operator,unit,variable",False,False,False,False,00dd0597184647819d9a9ebd9d72254231713631a05f7195ba00c9125164a258
el,C41,main,0,i(0)=\dfrac{U_s-u_0}{R},i_0=\dfrac{U_s-u_0}{R},supported-structured,"define,operator,variable",True,False,False,False,d7392cf5e510f0205b59da48af4615857842dfefa9adc663c65418a1219b11dc
el,C41,example,0,"i(0)=\dfrac{440-100}{220}=1{,}54545\,\mathrm{A}","i(0)=\dfrac{440-100}{220}=1{,}54545\,\mathrm{A}",supported-structured,"eval,number,operator,override,unit",False,False,True,False,9a1db8c2fb61b79d476c5ae949f7729d904af9eb8be11f017a584a48f8b894e8
el,C42,main,0,i(0)=\dfrac{U_s}{R},i_0=\dfrac{U_s}{R},supported-structured,"define,operator,variable",True,False,False,False,f1188bf1cc68194f3c416270e423b9c4557d69ff0b2f53f07dad85c95737412a
el,C42,example,1,"i(0)=\dfrac{440}{220}=2\,\mathrm{A}","i(0)=\dfrac{440}{220}=2\,\mathrm{A}",supported-structured,"eval,number,operator,override,unit",False,False,True,False,163d1b632690aa07479b3119f223ebdb82b975133b38f5d473c6b92207330ea1
el,C43,main,0,i_{\mathrm{ud}}(0)=\dfrac{u_0}{R},"i_{ud,0}=\dfrac{u_0}{R}",supported-structured,"define,operator,variable",True,False,False,False,3f4371946787d9cb3ab793324344b645f5bdafe39579b834f54066f2b9a44ab8
el,C43,example,1,"i_{\mathrm{ud}}(0)=\dfrac{440}{220}=2\,\mathrm{A}","i_{\mathrm{ud}}(0)=\dfrac{440}{220}=2\,\mathrm{A}",supported-structured,"eval,number,operator,override,unit",False,False,True,False,4e3369907da34e95d33aeee74855630265302f720e6d3fd3af0f524390423887
tm-heat,VH01,main,0,p_{abs}=p_{man}+p_{atm},p_{abs}=p_{man}+p_{atm},supported-structured,"define,operator,variable",True,False,False,False,0b7820b1b95d89ff1d037d2dbea856ddd5574bf3aafe7dfaad88c85f0fd7baf4
tm-heat,VH01,example,1,"p_{abs}=-20000+101325=81325\,\mathrm{Pa}","p_{abs}=-20000+101325=81325\,\mathrm{Pa}",supported-structured,"define,number,operator,unit,variable",False,False,True,False,42a1c8e334dd854499ab0a673b7b948d824f1328e6fadaadbf41bbca1ace0ce7
tm-heat,VH02,main,0,p=\frac{nRT}{V},p=\frac{nRT}{V},supported-structured,"define,operator,variable",True,True,False,False,a54d2571b5a39a7b9e40b56dc36bafff87e25131e051c98e67cbfa255ddfdb0c
tm-heat,VH02,example,1,"p=\frac{2\cdot8{,}314\cdot300}{0{,}05}=99768\,\mathrm{Pa}","p=\frac{2\cdot8{,}314\cdot300}{0{,}05}=99768\,\mathrm{Pa}",supported-structured,"define,number,operator,unit,variable",False,False,True,False,ec2c9ed321ad4b71c1b8dd5525a2b5a235b50a4f8715fa5355c5267d07f87826
tm-heat,VH03,main,0,n=\frac{m}{M},n=\frac{m}{M},supported-structured,"define,operator,variable",True,False,False,False,b4f4c40d05b45ea712ad04a86060e2fddcb0d7f9deed977a5b386cfc409665ff
tm-heat,VH03,example,1,"n=\frac{0{,}028\,\mathrm{kg}}{0{,}028\,\mathrm{kg/mol}}=1\,\mathrm{mol}","n=\frac{0{,}028\,\mathrm{kg}}{0{,}028\,\mathrm{kg/mol}}=1\,\mathrm{mol}",supported-structured,"define,number,operator,unit,variable",False,False,True,False,2099ddee33c83b9d98a8dde7be8c5f66e8d709d63e6d9d1017c0ad7906112efe
tm-heat,VH04,main,0,\rho=\frac{m}{V},\rho=\frac{m}{V},supported-structured,"define,operator,variable",True,False,False,False,2bb6c04cafe00c9e4338c956bcdb29aee8eb0220ba8effcced70853a30a8b53b
tm-heat,VH04,example,1,"\rho=\frac{2}{0{,}5}=4\,\mathrm{kg/m^3}","\rho=\frac{2}{0{,}5}=4\,\mathrm{kg/m^3}",supported-structured,"define,number,operator,unit,variable",False,False,True,False,1bc0ed0bf70852abf69bcff41284455d61e2a0a514ffa3bf43f95557237fb6e4
tm-heat,VH05,main,0,\rho=\frac{Mp}{RT},\rho=\frac{Mp}{RT},supported-structured,"define,operator,variable",True,False,False,False,05eb3d7fe8a6c03d2ae38c52c5527e355da899302dd3002264e4934fb0fb5e70
tm-heat,VH05,example,1,"\rho=\frac{0{,}028\cdot100000}{8{,}314\cdot300}\approx1{,}123\,\mathrm{kg/m^3}","\rho=\frac{0{,}028\cdot100000}{8{,}314\cdot300}\approx1{,}123\,\mathrm{kg/m^3}",supported-structured,"define,number,operator,unit,variable",False,False,True,False,8b5b074f5ef190cc7740ccef37319a74b6a5885e76782eb859ab36777eb56edf
tm-heat,VH06,main,0,p_2=\frac{p_1V_1T_2}{T_1V_2},p_2=\frac{p_1V_1T_2}{T_1V_2},supported-structured,"define,operator,variable",True,False,False,False,208a09a0644395267f27ae609915d369e0b882f8fd49b86d4104e0ead4df356a
tm-heat,VH06,example,1,"p_2=\frac{100000\cdot0{,}1\cdot600}{300\cdot0{,}2}=100000\,\mathrm{Pa}","p_2=\frac{100000\cdot0{,}1\cdot600}{300\cdot0{,}2}=100000\,\mathrm{Pa}",supported-structured,"define,number,operator,unit,variable",False,False,True,False,304b2ad756fbccf8c71ea8db24a5a1ad173867c85d9282346e5f312b89784acf
tm-heat,VH07,main,0,p=\sum_i p_i,p=\sum_i p_i,supported-structured,"define,index,placeholder,sum,variable",True,False,False,False,9ed26b78da8cdfb7dcb89edb73404530208fff65e2deb2500b3f3355697ec225
tm-heat,VH07,example,1,"p=80000+20000=100000\,\mathrm{Pa}","p=80000+20000=100000\,\mathrm{Pa}",supported-structured,"define,number,operator,unit,variable",False,False,True,False,b21deee59925ce0f4ca8be64a1ca4770c5245a76b5131df6d2a035f592fd940b
tm-heat,VH08,main,0,\Delta U=Q+W,\Delta U=Q+W,supported-structured,"define,operator,variable",True,False,False,False,f03d0a7d5cbb6949a1b5ff17a30b7f77f4f343a8c73de16f0d832aee22ad890a
tm-heat,VH08,example,1,"\Delta U=1000+(-400)=600\,\mathrm{J}","\Delta U=1000+(-400)=600\,\mathrm{J}",supported-structured,"define,number,operator,parens,unit,variable",False,False,True,False,ef1c634ba551d25c12a30abd585977bf97a4180169a64c0c1ad7518d01b2e246
tm-heat,VH09,main,0,"W=-\int_{V_1}^{V_2}p(V)\,dV","W=-\int_{V_1}^{V_2}p(V)\,dV",supported-structured,"call,define,integral,operator,variable",True,False,False,False,7e6bc983939f77c9f241822ab0b1fedf54e7718476d6e767b127b32c1ee809a8
tm-heat,VH09,example,1,"W=-\int_{0{,}001}^{0{,}003}100000\,dV=-200\,\mathrm{J}","W=-\int_{0{,}001}^{0{,}003}100000\,dV=-200\,\mathrm{J}",supported-structured,"define,integral,number,operator,unit,variable",False,False,True,False,70447ad90b2f93c9b3e4166ba4855dbbb4120529ca5411b7866d9e9abaf7a09e
tm-heat,VH10,main,0,W=-p\Delta V,W=-p\Delta V,supported-structured,"define,operator,variable",True,False,False,False,25228abd16ba0e147dc7985fbc3af57f12d5a10f15555901fa082e2b79f59a89
tm-heat,VH10,example,1,"W=-100000\cdot0{,}002=-200\,\mathrm{J}","W=-100000\cdot0{,}002=-200\,\mathrm{J}",supported-structured,"define,number,operator,unit,variable",False,False,True,False,6e285fb6db0c12f0521ef0a568ca6d2a1fb1d281ac11b89aea295ee9b89658f9
tm-heat,VH11,main,0,Q=mc_v\Delta T,Q=mc_v\Delta T,supported-structured,"define,operator,variable",True,False,False,False,017dbe3f6e3523fce0d79c9e77058f0e876f1f9544eb17cf75c88e8e57c98e10
tm-heat,VH11,example,1,"Q=2\cdot718\cdot10=14360\,\mathrm{J}","Q=2\cdot718\cdot10=14360\,\mathrm{J}",supported-structured,"define,number,operator,unit,variable",False,False,True,False,0c5242e30a6fb6ba8cfefde68250c2e48d8ab45b4cbcd6d27c4888e0486f1fc8
tm-heat,VH12,main,0,Q=mc_p\Delta T,Q=mc_p\Delta T,supported-structured,"define,operator,variable",True,False,False,False,2c592f7f19b08d4a42d3501043dd6e98bff03c7c258c83895593e630d40c1cda
tm-heat,VH12,example,1,"Q=2\cdot1005\cdot10=20100\,\mathrm{J}","Q=2\cdot1005\cdot10=20100\,\mathrm{J}",supported-structured,"define,number,operator,unit,variable",False,False,True,False,b9244deee3601039cb716515437b22e11f667fdc4f21c6cdddb74efe72af2500
tm-heat,VH13,main,0,p_2=p_1\frac{T_2}{T_1},p_2=p_1\frac{T_2}{T_1},supported-structured,"define,operator,variable",True,False,False,False,bb9289520fe68501814954a5903e45bafe5777849805865c91add9e349797b19
tm-heat,VH13,example,1,"p_2=100000\frac{600}{300}=200000\,\mathrm{Pa}","p_2=100000\frac{600}{300}=200000\,\mathrm{Pa}",supported-structured,"define,number,operator,unit,variable",False,False,True,False,6c126ee2f6f4ef014496211c613f1f9fd305d8265610e32c20b32ed43cafa1fb
tm-heat,VH14,main,0,V_2=V_1\frac{T_2}{T_1},V_2=V_1\frac{T_2}{T_1},supported-structured,"define,operator,variable",True,False,False,False,63f5c57b4523b0cd82f1039503fb18322d58dac425b92694075e288e1cdd9aff
tm-heat,VH14,example,1,"V_2=0{,}1\frac{600}{300}=0{,}2\,\mathrm{m^3}","V_2=0{,}1\frac{600}{300}=0{,}2\,\mathrm{m^3}",supported-structured,"define,number,operator,unit,variable",False,False,True,False,51d2da94262efe65170e405132a3d17efab3d84db1a501274632a3d1e2df3c11
tm-heat,VH15,main,0,p_2=p_1\frac{V_1}{V_2},p_2=p_1\frac{V_1}{V_2},supported-structured,"define,operator,variable",True,False,False,False,ff0d150b829355e477996e4851d692ea06b4d06744486413562bc0683e371e75
tm-heat,VH15,example,1,"p_2=100000\frac{0{,}1}{0{,}2}=50000\,\mathrm{Pa}","p_2=100000\frac{0{,}1}{0{,}2}=50000\,\mathrm{Pa}",supported-structured,"define,number,operator,unit,variable",False,False,True,False,4fec0c2ec587a0df929b91e588844749685ad63ceb19bfcba13f7bffa890d17a
tm-heat,VH16,main,0,W=p_1V_1\ln\left(\frac{V_1}{V_2}\right),W=p_1V_1\ln\left(\frac{V_1}{V_2}\right),supported-structured,"call,define,operator,parens,variable",True,True,False,False,e924aff11142e0c9b4292c9f2ea8bbe269420b51630ffa61fd21be0796156181
tm-heat,VH16,example,1,"W=100000\cdot0{,}1\ln(0{,}5)\approx-6931{,}47\,\mathrm{J}","W=100000\cdot0{,}1\ln(0{,}5)\approx-6931{,}47\,\mathrm{J}",supported-structured,"call,define,number,operator,parens,unit,variable",False,False,True,False,61234a6d8545b69cfb733104251c790dc054b15669effd3a2c7607a1ae7dc946
tm-heat,VH17,main,0,p_2=p_1\left(\frac{V_1}{V_2}\right)^\kappa,p_2=p_1\left(\frac{V_1}{V_2}\right)^\kappa,supported-structured,"define,operator,parens,variable",True,True,False,False,0fc490c2fca7226eea03884e8443cd97a1c73c9562ffdb424abf30c1117981ce
tm-heat,VH17,example,1,"p_2=100000(0{,}5)^{1{,}4}\approx37892{,}91\,\mathrm{Pa}","p_2=100000(0{,}5)^{1{,}4}\approx37892{,}91\,\mathrm{Pa}",supported-structured,"define,number,operator,parens,unit,variable",False,False,True,False,4d8aa76384e3c2f623671c653651d8c12c414c5d8b331843751794ddf2ba0e22
tm-heat,VH18,main,0,W=\frac{p_2V_2-p_1V_1}{\kappa-1},W=\frac{p_2V_2-p_1V_1}{\kappa-1},supported-structured,"define,number,operator,variable",True,False,False,False,cf961f261995287c5ad2ba437cf6d734b408fb8cac1056bae50b40670d60258c
tm-heat,VH18,example,1,"W=\frac{37892{,}91416\cdot0{,}2-100000\cdot0{,}1}{1{,}4-1}\approx-6053{,}54\,\mathrm{J}","W=\frac{37892{,}91416\cdot0{,}2-100000\cdot0{,}1}{1{,}4-1}\approx-6053{,}54\,\mathrm{J}",supported-structured,"define,number,operator,unit,variable",False,False,True,False,7f105cfaeea884db63f5cdbd8b9f78ea39cbb18b59555338b98a47cc492967e3
tm-heat,VH19,main,0,p_2=p_1\left(\frac{V_1}{V_2}\right)^n,p_2=p_1\left(\frac{V_1}{V_2}\right)^n,supported-structured,"define,operator,parens,variable",True,False,False,False,b39281a9b9bc36e1af92c11caf9db44b70cb59f0a8f17a8ef341639c6f80b679
tm-heat,VH19,example,1,"p_2=100000(0{,}5)^{1{,}3}\approx40612{,}62\,\mathrm{Pa}","p_2=100000(0{,}5)^{1{,}3}\approx40612{,}62\,\mathrm{Pa}",supported-structured,"define,number,operator,parens,unit,variable",False,False,True,False,7db0a08c832c85a50edda966c4ad514ba92d8d801a1cb25402f57bc9ff6cdd3a
tm-heat,VH20,main,0,W=\frac{mR(T_2-T_1)}{M(n-1)},W=\frac{mR(T_2-T_1)}{M(n-1)},supported-structured,"define,number,operator,parens,variable",True,False,False,False,6eafe4cad15fe3ee6c7cee9cdd75fff3514cb0dbb730f3474fe656ecef4183b6
tm-heat,VH20,example,1,"W=\frac{1\cdot8{,}314(240-300)}{0{,}028(1{,}3-1)}\approx-59385{,}71\,\mathrm{J}","W=\frac{1\cdot8{,}314(240-300)}{0{,}028(1{,}3-1)}\approx-59385{,}71\,\mathrm{J}",supported-structured,"define,number,operator,parens,unit,variable",False,False,True,False,07abbef096b98c4f089451035ba6120c243df03feb6100fe9bec94580112440f
tm-heat,VH21,main,0,Q_n=mc_n\Delta T,Q_n=mc_n\Delta T,supported-structured,"define,operator,variable",True,False,False,False,7791f436328b446b995d6286919201ebf58ccf61011b0c871a1ee88f9abdfff4
tm-heat,VH21,example,1,"Q_n=2\cdot500\cdot20=20000\,\mathrm{J}","Q_n=2\cdot500\cdot20=20000\,\mathrm{J}",supported-structured,"define,number,operator,unit,variable",False,False,True,False,9c0cebbd6564dfa5e40e714ee671d3cd9165f7b5588beb6aab8c753c3fbb93c2
tm-heat,VH22,main,0,\Delta S=\int_1^2\frac{\delta Q_{rev}}{T},"\Delta S=\int_0^1\frac{\frac{\mathrm{d}Q_{rev}}{\mathrm{d}\xi}}{T(\xi)}\,d\xi",supported-structured,"call,define,derivative,integral,number,operator,placeholder,variable",True,False,False,False,760288bed3031f6c1ac786791dd2d0dc6416fff1e3bc0adca6e56e14ae1e5204
tm-heat,VH22,example,1,"\Delta S=\frac{900\,\mathrm{J}}{300\,\mathrm{K}}=3\,\mathrm{J/K}","\Delta S=\frac{900\,\mathrm{J}}{300\,\mathrm{K}}=3\,\mathrm{J/K}",supported-structured,"define,number,operator,unit,variable",False,False,True,False,eb0bfc06884b23a148aa37996d75f4f032697cc3b77d3aa8872a0597c81ecd13
tm-heat,VH23,main,0,s=\frac{S}{m},s=\frac{S}{m},supported-structured,"define,operator,variable",True,False,False,False,e6547142e957408a3581de381e26f1420d1b7d74242ce7a114e3047d9fda169f
tm-heat,VH23,example,1,"s=\frac{12}{3}=4\,\mathrm{J/(kg\cdot K)}","s=\frac{12}{3}=4\,\mathrm{J/(kg\cdot K)}",supported-structured,"define,number,operator,parens,unit,variable",False,False,True,False,16f9b2a256fcf1d9c60e7a24f6cc456e152d09a8b9d348a25c1e61608ba31ff6
tm-heat,VH24,main,0,h=u+pv,h=u+pv,supported-structured,"define,operator,variable",True,False,False,False,52636a88331bb46940f2b9747b91c525278e881e55dc807a24322218c81906ef
tm-heat,VH24,example,1,"h=200000+100000\cdot0{,}001=200100\,\mathrm{J/kg}","h=200000+100000\cdot0{,}001=200100\,\mathrm{J/kg}",supported-structured,"define,number,operator,unit,variable",False,False,True,False,761bf675aec19e6ccf8c211025cd524bb21c43d9cc44651c4c22d671b774485e
tm-heat,VH25,main,0,\Delta h=c_p\Delta T,\Delta h=c_p\Delta T,supported-structured,"define,operator,variable",True,False,False,False,e2b858afbdd5b6cd002227a3a02b83b69869438a117ec56395166f30be4a9ac0
tm-heat,VH25,example,1,"\Delta h=1005\cdot20=20100\,\mathrm{J/kg}","\Delta h=1005\cdot20=20100\,\mathrm{J/kg}",supported-structured,"define,number,operator,unit,variable",False,False,True,False,77547c4f2b3b8ae4b62e186ecd97042125da051eff77fc080d173b7fbfbbfabb
tm-heat,VH26,main,0,"W_{net}=\oint p\,dV","W_{net}=\int_0^1 p(\xi)\frac{\mathrm{d}V}{\mathrm{d}\xi}\,d\xi",supported-structured,"call,define,derivative,integral,number,operator,placeholder,variable",True,False,False,False,a24ee1cdd8ea0c86bd787a44a9b91ca2bc2ce5df69b9efd0688117922931da93
tm-heat,VH26,example,1,"W_{net}=(200000-100000)(0{,}003-0{,}001)=200\,\mathrm{J}","W_{net}=(200000-100000)(0{,}003-0{,}001)=200\,\mathrm{J}",supported-structured,"define,number,operator,parens,unit,variable",False,False,True,False,c4affc0393b3f49900f82226fda33e6467b06449f2fa17b153c633ecd06ef134
tm-heat,VH27,main,0,\eta=\frac{W_{net}}{Q_{ind}},\eta=\frac{W_{net}}{Q_{ind}},supported-structured,"define,operator,variable",True,False,False,False,d0eb3d29be38d3bdd1f8046d954b4bc78cd3200460173377f5625f6b041b1bd7
tm-heat,VH27,example,1,"\eta=\frac{200}{1000}=0{,}20=20\%","\eta=\frac{200}{1000}=0{,}20=20\%",supported-structured,"define,number,operator,variable",False,False,True,False,8fd411fe8ac7aad1382fe5863e42d67b332ce9583ceff65feaed33fd47620525
tm-heat,VH28,main,0,\eta_C=1-\frac{T_L}{T_H},\eta_C=1-\frac{T_L}{T_H},supported-structured,"define,number,operator,variable",True,False,False,False,18ef2dee92d319edb45b42d0a7ab61abbf6158b2a5c654d3ca3df060cf242892
tm-heat,VH28,example,1,"\eta_C=1-\frac{300}{600}=0{,}50=50\%","\eta_C=1-\frac{300}{600}=0{,}50=50\%",supported-structured,"define,number,operator,variable",False,False,True,False,2bf605c11893eee6c5daf302eb339997da1a381aea74119d12911551da15bb6d
tm-engine,MO01,main,0,P_{tilf}=\dot m_b h_i,P_{tilf}=\dot m_b h_i,supported-structured,"define,operator,variable",True,False,False,False,cb711bbec0e534bb13ecd395b1f41d200ca4c0a966355e6fdf2d156ea8359875
tm-engine,MO01,example,1,"P_{tilf}=0{,}01\cdot42000=420\,\mathrm{kW}","P_{tilf}=0{,}01\cdot42000=420\,\mathrm{kW}",supported-structured,"define,number,operator,unit,variable",False,False,True,False,53423882eaa5a609eba2d7531d42228b2f4c9c7c93bb5d3a08248db2744c341d
tm-engine,MO02,main,0,V_s=\frac{\pi}{4}d^2s,V_s=\frac{\pi}{4}d^2s,supported-structured,"constant,define,number,operator,variable",True,False,False,False,7e029d703a6e6639770f9762221772f8e15dab1356958aa8511824ce5e6a3db9
tm-engine,MO02,example,1,"V_s=\frac{\pi}{4}(0{,}35)^2\cdot0{,}44\approx0{,}04233\,\mathrm{m^3}","V_s=\frac{\pi}{4}(0{,}35)^2\cdot0{,}44\approx0{,}04233\,\mathrm{m^3}",supported-structured,"constant,define,number,operator,parens,unit,variable",False,False,True,False,c1fb53cf37dd538bd4d4a26ad52165dfc4d60192f1236824c9c44d325754a0d3
tm-engine,MO03,main,0,P_i=p_iV_sc\frac{n}{60},P_i=p_iV_sc\frac{n}{60},supported-structured,"define,number,operator,unit,variable",True,True,False,False,a07e28e1da31a877e22a0c2a7aab4d1bf8540ed81bb01d08be94717db9bd7301
tm-engine,MO03,example,1,"P_i=1000\cdot0{,}02\cdot6\frac{600}{60}=1200\,\mathrm{kW}","P_i=1000\cdot0{,}02\cdot6\frac{600}{60}=1200\,\mathrm{kW}",supported-structured,"define,number,operator,unit,variable",False,False,True,False,071bf528929d43d4012750cc9e970c004b8b562745a4b97ad8d8792a7c830eb5
tm-engine,MO04,main,0,P_i=p_iV_sc\frac{n}{120},P_i=p_iV_sc\frac{n}{120},supported-structured,"define,number,operator,unit,variable",True,True,False,False,d5c73347503a70d201030b26206ccf15f13d180ca3a838f85ef4c6b712f6af86
tm-engine,MO04,example,1,"P_i=1000\cdot0{,}02\cdot6\frac{600}{120}=600\,\mathrm{kW}","P_i=1000\cdot0{,}02\cdot6\frac{600}{120}=600\,\mathrm{kW}",supported-structured,"define,number,operator,unit,variable",False,False,True,False,7e87b8b10708a128611c45b96b1e9b21a5f99185b8cc916cfdcf7147e8247b09
tm-engine,MO05,main,0,P_b=P_i\eta_m,P_b=P_i\eta_m,supported-structured,"define,operator,variable",True,False,False,False,5619609e6e92de1d51c7342b7cf32ad3311758cde803bb9a18204ecfab87b494
tm-engine,MO05,example,1,"P_b=600\cdot0{,}9=540\,\mathrm{kW}","P_b=600\cdot0{,}9=540\,\mathrm{kW}",supported-structured,"define,number,operator,unit,variable",False,False,True,False,fb4e2e1ad183cd320b84af5695a75822a5cba5f4a9769e99c269f1d75bafd3c7
tm-engine,MO06,main,0,P_b=M\frac{2\pi n}{60},P_b=M\frac{2\pi n}{60},supported-structured,"constant,define,number,operator,unit,variable",True,False,False,False,99a08dc4f2c14dadd1d430a35d9b78226344726beb13663f6aa68d885c09a428
tm-engine,MO06,example,1,"P_b=2\frac{2\pi\cdot600}{60}\approx125{,}66\,\mathrm{kW}","P_b=2\frac{2\pi\cdot600}{60}\approx125{,}66\,\mathrm{kW}",supported-structured,"constant,define,number,operator,unit,variable",False,False,True,False,eaf13616e49fbfb4a6bfeb0bf4273c1269f1695ca225f73f89ff039bea18b231
tm-engine,MO07,main,0,M=\frac{60P_b}{2\pi n},M=\frac{60P_b}{2\pi n},supported-structured,"constant,define,number,operator,unit,variable",True,False,False,False,2beea9ebd60936660a6653788fda471e91c5522c191d38dd10fa53a5e11d7d2b
tm-engine,MO07,example,1,"M=\frac{60\cdot100}{2\pi\cdot600}\approx1{,}592\,\mathrm{kN\cdot m}","M=\frac{60\cdot100}{2\pi\cdot600}\approx1{,}592\,\mathrm{kN\cdot m}",supported-structured,"constant,define,number,operator,unit,variable",False,False,True,False,5120fdb121857570c16fa191a7ffe0962b3495c89301feeeccc1d83ba0e5ebf5
tm-engine,MO08,main,0,\eta_m=\frac{P_b}{P_i},\eta_m=\frac{P_b}{P_i},supported-structured,"define,operator,variable",True,False,False,False,b5eb1bc03f349828df9fa1b04ceef4aa705f46ad295ed8fec8143ce458e04f92
tm-engine,MO08,example,1,"\eta_m=\frac{540}{600}=0{,}9=90\%","\eta_m=\frac{540}{600}=0{,}9=90\%",supported-structured,"define,number,operator,variable",False,False,True,False,4439d2fe30961e95c3767c15bfda11438f0a0724035f58e8d1d514b40bf46ea0
tm-engine,MO09,main,0,c_b=\frac{C_h}{P_b},c_b=\frac{C_h}{P_b},supported-structured,"define,operator,variable",True,False,False,False,fd55e4fbb566d086ac090f9710688f18f3be9d95fd131b63c8c1e2c7e926ebff
tm-engine,MO09,example,1,"c_b=\frac{120}{600}=0{,}2\,\mathrm{kg/kWh}","c_b=\frac{120}{600}=0{,}2\,\mathrm{kg/kWh}",supported-structured,"define,number,operator,unit,variable",False,False,True,False,982991281e41b8cfd129a4f04951723bdf33a4802b7fa87f91d03f1655106d5a
tm-engine,MO10,main,0,c_i=\frac{C_h}{P_i},c_i=\frac{C_h}{P_i},supported-structured,"define,operator,variable",True,False,False,False,4f381de799708f22a60760cb78a2dab36cdb146c074f583e19612840fd709f7d
tm-engine,MO10,example,1,"c_i=\frac{120}{750}=0{,}16\,\mathrm{kg/kWh}","c_i=\frac{120}{750}=0{,}16\,\mathrm{kg/kWh}",supported-structured,"define,number,operator,unit,variable",False,False,True,False,7ada75e6442505520ee6e080829c6fcc0375a6d5010ce59b377989774aad7167
tm-engine,MO11,main,0,\eta_t=\frac{P_i}{P_{tilf}},\eta_t=\frac{P_i}{P_{tilf}},supported-structured,"define,operator,variable",True,False,False,False,5e03f3339dd95acae8e8f5b02cb15cd67f0fdfd3165e3120d0daab6fd01826e6
tm-engine,MO11,example,1,"\eta_t=\frac{750}{1000}=0{,}75=75\%","\eta_t=\frac{750}{1000}=0{,}75=75\%",supported-structured,"define,number,operator,variable",False,False,True,False,a5eea4140858981c27c5d9dbf3c51e76787f208cf0dd1903e8aeb8b0a5830c6e
tm-engine,MO12,main,0,\eta_{oe}=\eta_m\eta_t,\eta_{oe}=\eta_m\eta_t,supported-structured,"define,operator,variable",True,False,False,False,e3e74410d4cb67fd159da30504cf5db7c4013a990cef427e435347fa721e30c7
tm-engine,MO12,example,1,"\eta_{oe}=0{,}9\cdot0{,}4=0{,}36=36\%","\eta_{oe}=0{,}9\cdot0{,}4=0{,}36=36\%",supported-structured,"define,number,operator,variable",False,False,True,False,7b309dd1fcae436dff342092a63fc4ec7962a2b7dd8b268551090a3fb398a327
tm-engine,MO13,main,0,\eta_{oe}=\frac{3600}{c_bh_i},\eta_{oe}=\frac{3600}{c_bh_i},supported-structured,"define,number,operator,unit,variable",True,True,False,False,c66b7242413acfca4fce7f64e6d390f226e82bfbc77db66cf0f8ff5a41dd0edb
tm-engine,MO13,example,1,"\eta_{oe}=\frac{3600}{0{,}2\cdot42000}\approx0{,}4286=42{,}86\%","\eta_{oe}=\frac{3600}{0{,}2\cdot42000}\approx0{,}4286=42{,}86\%",supported-structured,"define,number,operator,variable",False,False,True,False,3a86070685d80450c9329e446fd0f8d893cb7255a36a01b6bd72681725475930
tm-engine,MO14,main,0,\eta_{oe}=\frac{P_b}{P_{tilf}},\eta_{oe}=\frac{P_b}{P_{tilf}},supported-structured,"define,operator,variable",True,False,False,False,8cef2aad8941190e376d881be8c7d5a0232c5ed218363fc83fe8fdf1ff60e31c
tm-engine,MO14,example,1,"\eta_{oe}=\frac{420}{1000}=0{,}42=42\%","\eta_{oe}=\frac{420}{1000}=0{,}42=42\%",supported-structured,"define,number,operator,variable",False,False,True,False,254157b3bb52dbd451cf3e20eb49c8d928584f151148d29ef23a7dad5fb4c5db
tm-engine,MO15,main,0,\eta_{oe}=\frac{Q_1-Q_2}{Q_1},\eta_{oe}=\frac{Q_1-Q_2}{Q_1},supported-structured,"define,operator,variable",True,False,False,False,97451f5fbb3af4bf7b4d34328ab9ea77b75fcd8bf2991d0b734368629884f365
tm-engine,MO15,example,1,"\eta_{oe}=\frac{1000-600}{1000}=0{,}4=40\%","\eta_{oe}=\frac{1000-600}{1000}=0{,}4=40\%",supported-structured,"define,number,operator,variable",False,False,True,False,42f362b69d3e189b37445da4ed696197fce123853ce986f5b5601434f8529e03
tm-engine,MO16,main,0,W_i=p_iV_s,W_i=p_iV_s,supported-structured,"define,operator,variable",True,False,False,False,ef8ec5f278db850b25a77c721edb65f4c69a0388707f367923e8c52e0b1db47d
tm-engine,MO16,example,1,"W_i=1000\cdot0{,}02=20\,\mathrm{kJ}","W_i=1000\cdot0{,}02=20\,\mathrm{kJ}",supported-structured,"define,number,operator,unit,variable",False,False,True,False,ec04797e7c64893dcbed0b3d34682d54b9e07514599765a1d2e40025e8f06879
tm-engine,MO17,main,0,A=p\Delta V,A=p\Delta V,supported-structured,"define,operator,variable",True,False,False,False,14b4bd1deefa95a1f7c13e0dfbce3b5a6f321263ecd6bd1ae415ac43af749ed1
tm-engine,MO17,example,1,"A=100000\cdot0{,}002=200\,\mathrm{J}","A=100000\cdot0{,}002=200\,\mathrm{J}",supported-structured,"define,number,operator,unit,variable",False,False,True,False,86645f932acaa2803a01b1116282a2c40368eb5ef3d8710f759128a4ab4ef7c3
tm-engine,MO18,main,0,\eta_0=1-\frac{1}{r^{\kappa-1}},\eta_0=1-\frac{1}{r^{\kappa-1}},supported-structured,"define,number,operator,variable",True,False,False,False,180241ba9336aa25113ecf97d4b460b8285de1336c6b82882d5c13961a3076b7
tm-engine,MO18,example,1,"\eta_0=1-\frac{1}{10^{0{,}4}}\approx0{,}6019=60{,}19\%","\eta_0=1-\frac{1}{10^{0{,}4}}\approx0{,}6019=60{,}19\%",supported-structured,"define,number,operator,variable",False,False,True,False,38d4ff55483917f84c888cd93d2b0f576ae37dd9786f4ce7f1a2163e259eed2e
tm-engine,MO19,main,0,\eta_0=1-\frac{1}{r^{\kappa-1}}\frac{\varphi^\kappa-1}{\kappa(\varphi-1)},\eta_0=1-\frac{1}{r^{\kappa-1}}\frac{\varphi^\kappa-1}{\kappa(\varphi-1)},supported-structured,"define,number,operator,parens,variable",True,True,False,False,1405e0e3aecf92ce56af9af4b8bace80b647d6ef995e992ce6c3fd70da24d0c7
tm-engine,MO19,example,1,"\eta_0=1-\frac{2^{1{,}4}-1}{18^{0{,}4}\cdot1{,}4(2-1)}\approx0{,}6316=63{,}16\%","\eta_0=1-\frac{2^{1{,}4}-1}{18^{0{,}4}\cdot1{,}4(2-1)}\approx0{,}6316=63{,}16\%",supported-structured,"define,number,operator,parens,variable",False,False,True,False,172d2ccf0e473bd9d8fb1ce9bd8879b16939e84acef4b0b5d316513db2e0b125
tm-engine,MO20,main,0,h_i=1200h+337c+93s-126o-25f,h_i=1200h+337c+93s-126o-25f,supported-structured,"define,number,operator,unit,variable",True,True,False,False,42f72ce83edaab53f732603867402a817cc11ca9416c56f7a5dabfc2f1642209
tm-engine,MO20,example,1,"h_i=1200\cdot11+337\cdot86+93\cdot1-25\cdot2=42225\,\mathrm{kJ/kg}","h_i=1200\cdot11+337\cdot86+93\cdot1-25\cdot2=42225\,\mathrm{kJ/kg}",supported-structured,"define,number,operator,unit,variable",False,False,True,False,dae9dc8b6970b0e344f5e4bc1cae93c0826e02f0ecaad31fffe8bd18045df31c
tm-engine,MO21,main,0,L_{min}=\frac{8h+\frac{8}{3}c+s-o}{23},L_{min}=\frac{8h+\frac{8}{3}c+s-o}{23},supported-structured,"define,number,operator,variable",True,True,False,False,f6dd03114a64fadaef9a80fc08c9788a0d4fedd0889bc054010e3ce8f5fd0492
tm-engine,MO21,example,1,"L_{min}=\frac{8\cdot11+\frac{8}{3}\cdot86+1}{23}\approx13{,}841\,\mathrm{kg/kg}","L_{min}=\frac{8\cdot11+\frac{8}{3}\cdot86+1}{23}\approx13{,}841\,\mathrm{kg/kg}",supported-structured,"define,number,operator,variable",False,False,True,False,76ecbe2200be64d155845ffcd3b71709a7f8e842a7841d569075798fe14f25fe
tm-engine,MO22,main,0,\dot m_{RG}=\dot m_b+\dot m_l,\dot m_{RG}=\dot m_b+\dot m_l,supported-structured,"define,operator,variable",True,False,False,False,7347e45bf64cb4f3c7c595a101ea870c67e4447700f4136655c1fd826b6c177d
tm-engine,MO22,example,1,"\dot m_{RG}=0{,}01+0{,}2=0{,}21\,\mathrm{kg/s}","\dot m_{RG}=0{,}01+0{,}2=0{,}21\,\mathrm{kg/s}",supported-structured,"define,number,operator,unit,variable",False,False,True,False,c9ce16feff88ae125d3f1863ba0a898a3fa7890322812afaf55a4881de355ae8
tm-engine,MO23,main,0,"P_{TL}=\dot m_{RG}c_{p,RG}\Delta T","P_{TL}=\dot m_{RG}c_{p,RG}\Delta T",supported-structured,"define,operator,variable",True,False,False,False,9bbbbd30f091d7ac05b45ec4d4323a4ce765a2cea27087d7865ca926bf2f45c6
tm-engine,MO23,example,1,"P_{TL}=0{,}21\cdot1{,}1\cdot200=46{,}2\,\mathrm{kW}","P_{TL}=0{,}21\cdot1{,}1\cdot200=46{,}2\,\mathrm{kW}",supported-structured,"define,number,operator,unit,variable",False,False,True,False,ee480e3e37786a4ee4e7af7d6b967d24cc0b66a5df0a04cf04aa200598620dce
